id,vendor_part_number,style_code,product_size_description,qty,override_qty,reset_qty,cost,meg_cost,mes_cost,2ht_cost,turbine_sku
,WMQNCB00,1510-FTG,XXL,10,10,0,9.85,10.75,10.75,0,1510-FTG_Black_2XL
,WMQNCB00,1510-FTG,L,115,10,0,8,8.74,8.74,0,1510-FTG_Black_L
,WMQNCB00,1510-FTG,M,63,10,0,8,8.74,8.74,0,1510-FTG_Black_M
,WMQNCB00,1510-FTG,S,10,10,0,8,8.74,8.74,0,1510-FTG_Black_S
,WMQNCB00,1510-FTG,XL,10,10,0,8,8.74,8.74,0,1510-FTG_Black_XL
,WMQNCB00,1510-FTG,XS,10,10,0,8,8.74,8.74,0,1510-FTG_Black_XS
,WMQNCF00,1510-FTG,XXL,34,0,0,9.85,10.75,10.75,0,1510-FTG_Green_2XL
,WMQNCG00,1510-FTG,XXL,34,0,0,9.85,10.75,10.75,0,1510-FTG_Green_2XL
,WMQNCF00,1510-FTG,L,65,0,0,8,8.74,8.74,0,1510-FTG_Green_L
,WMQNCG00,1510-FTG,L,65,0,0,8,8.74,8.74,0,1510-FTG_Green_L
,WMQNCF00,1510-FTG,M,30,0,0,8,8.74,8.74,0,1510-FTG_Green_M
,WMQNCG00,1510-FTG,M,30,0,0,8,8.74,8.74,0,1510-FTG_Green_M
,WMQNCF00,1510-FTG,S,18,0,0,8,8.74,8.74,0,1510-FTG_Green_S
,WMQNCG00,1510-FTG,S,18,0,0,8,8.74,8.74,0,1510-FTG_Green_S
,WMQNCF00,1510-FTG,XL,35,0,0,8,8.74,8.74,0,1510-FTG_Green_XL
,WMQNCG00,1510-FTG,XL,35,0,0,8,8.74,8.74,0,1510-FTG_Green_XL
,WMQNCF00,1510-FTG,XS,17,0,0,8,8.74,8.74,0,1510-FTG_Green_XS
,WMQNCG00,1510-FTG,XS,17,0,0,8,8.74,8.74,0,1510-FTG_Green_XS
,WMQNCC00,1510-FTG,XXL,12,10,0,9.85,10.75,10.75,0,1510-FTG_Heather_Grey_2XL
,WMQNCC00,1510-FTG,L,25,10,0,8,8.74,8.74,0,1510-FTG_Heather_Grey_L
,WMQNCC00,1510-FTG,M,37,10,0,8,8.74,8.74,0,1510-FTG_Heather_Grey_M
,WMQNCC00,1510-FTG,S,31,10,0,8,8.74,8.74,0,1510-FTG_Heather_Grey_S
,WMQNCC00,1510-FTG,XL,66,10,0,8,8.74,8.74,0,1510-FTG_Heather_Grey_XL
,WMQNCC00,1510-FTG,XS,11,10,0,8,8.74,8.74,0,1510-FTG_Heather_Grey_XS
,WMQNCN00,1510-FTG,XXL,14,0,0,9.85,10.75,10.75,0,1510-FTG_Navy_2XL
,WMQNCN00,1510-FTG,L,5,0,0,8,8.74,8.74,0,1510-FTG_Navy_L
,WMQNCN00,1510-FTG,M,5,0,0,8,8.74,8.74,0,1510-FTG_Navy_M
,WMQNCN00,1510-FTG,S,5,0,0,8,8.74,8.74,0,1510-FTG_Navy_S
,WMQNCN00,1510-FTG,XL,0,0,0,8,8.74,8.74,0,1510-FTG_Navy_XL
,WMQNCN00,1510-FTG,XS,5,0,0,8,8.74,8.74,0,1510-FTG_Navy_XS
,WMQNCP00,1510-FTG,XXL,5,0,0,9.85,10.75,10.75,0,1510-FTG_Purple_2XL
,WMQNCP00,1510-FTG,L,7,0,0,8,8.74,8.74,0,1510-FTG_Purple_L
,WMQNCP00,1510-FTG,M,5,0,0,8,8.74,8.74,0,1510-FTG_Purple_M
,WMQNCP00,1510-FTG,S,5,0,0,8,8.74,8.74,0,1510-FTG_Purple_S
,WMQNCP00,1510-FTG,XL,3,0,0,8,8.74,8.74,0,1510-FTG_Purple_XL
,WMQNCP00,1510-FTG,XS,19,0,0,8,8.74,8.74,0,1510-FTG_Purple_XS
,WMQNCR00,1510-FTG,XXL,5,0,0,9.85,10.75,10.75,0,1510-FTG_Red_2XL
,WMQNCR00,1510-FTG,L,15,0,0,8,8.74,8.74,0,1510-FTG_Red_L
,WMQNCR00,1510-FTG,M,6,0,0,8,8.74,8.74,0,1510-FTG_Red_M
,WMQNCR00,1510-FTG,S,5,0,0,8,8.74,8.74,0,1510-FTG_Red_S
,WMQNCR00,1510-FTG,XL,11,0,0,8,8.74,8.74,0,1510-FTG_Red_XL
,WMQNCR00,1510-FTG,XS,5,0,0,8,8.74,8.74,0,1510-FTG_Red_XS
,WMQNCA00,1510-FTG,XXL,51,6,0,9.85,10.75,10.75,0,1510-FTG_Royal_2XL
,WMQNCA00,1510-FTG,L,15,6,0,8,8.74,8.74,0,1510-FTG_Royal_L
,WMQNCA00,1510-FTG,M,7,6,0,8,8.74,8.74,0,1510-FTG_Royal_M
,WMQNCA00,1510-FTG,S,6,6,0,8,8.74,8.74,0,1510-FTG_Royal_S
,WMQNCA00,1510-FTG,XL,12,6,0,8,8.74,8.74,0,1510-FTG_Royal_XL
,WMQNCA00,1510-FTG,XS,6,6,0,8,8.74,8.74,0,1510-FTG_Royal_XS
,WMQNCW00,1510-FTG,XXL,15,10,0,9.85,10.75,10.75,0,1510-FTG_White_2XL
,WMQNCW00,1510-FTG,L,10,10,0,8,8.74,8.74,0,1510-FTG_White_L
,WMQNCW00,1510-FTG,M,10,10,0,8,8.74,8.74,0,1510-FTG_White_M
,WMQNCW00,1510-FTG,S,10,10,0,8,8.74,8.74,0,1510-FTG_White_S
,WMQNCW00,1510-FTG,XL,64,10,0,8,8.74,8.74,0,1510-FTG_White_XL
,WMQNCW00,1510-FTG,XS,11,10,0,8,8.74,8.74,0,1510-FTG_White_XS
,WMQNVB00,1540-FTG,XXL,30,10,0,11.2,11.64,11.64,0,1540-FTG_Black_2XL
,WMQNVB00,1540-FTG,L,82,10,0,8.85,10.09,10.09,0,1540-FTG_Black_L
,WMQNVB00,1540-FTG,M,81,10,0,8.85,10.09,10.09,0,1540-FTG_Black_M
,WMQNVB00,1540-FTG,S,10,10,0,8.85,10.09,10.09,0,1540-FTG_Black_S
,WMQNVB00,1540-FTG,XL,72,10,0,8.85,10.09,10.09,0,1540-FTG_Black_XL
,WMQNVB00,1540-FTG,XS,60,10,0,8.85,10.09,10.09,0,1540-FTG_Black_XS
,WMQNVF00,1540-FTG,XXL,34,0,0,11.2,11.64,11.64,0,1540-FTG_Green_2XL
,WMQNVG00,1540-FTG,XXL,34,0,0,11.2,11.64,11.64,0,1540-FTG_Green_2XL
,WMQNVF00,1540-FTG,L,16,0,0,8.85,10.09,10.09,0,1540-FTG_Green_L
,WMQNVG00,1540-FTG,L,16,0,0,8.85,10.09,10.09,0,1540-FTG_Green_L
,WMQNVF00,1540-FTG,M,31,0,0,8.85,10.09,10.09,0,1540-FTG_Green_M
,WMQNVG00,1540-FTG,M,31,0,0,8.85,10.09,10.09,0,1540-FTG_Green_M
,WMQNVF00,1540-FTG,S,22,0,0,8.85,10.09,10.09,0,1540-FTG_Green_S
,WMQNVG00,1540-FTG,S,22,0,0,8.85,10.09,10.09,0,1540-FTG_Green_S
,WMQNVF00,1540-FTG,XL,31,0,0,8.85,10.09,10.09,0,1540-FTG_Green_XL
,WMQNVG00,1540-FTG,XL,31,0,0,8.85,10.09,10.09,0,1540-FTG_Green_XL
,WMQNVF00,1540-FTG,XS,15,0,0,8.85,10.09,10.09,0,1540-FTG_Green_XS
,WMQNVG00,1540-FTG,XS,15,0,0,8.85,10.09,10.09,0,1540-FTG_Green_XS
,WMQNVC00,1540-FTG,XXL,29,10,0,11.2,11.64,11.64,0,1540-FTG_Heather_Grey_2XL
,WMQNVC00,1540-FTG,L,35,10,0,8.85,10.09,10.09,0,1540-FTG_Heather_Grey_L
,WMQNVC00,1540-FTG,M,54,10,0,8.85,10.09,10.09,0,1540-FTG_Heather_Grey_M
,WMQNVC00,1540-FTG,S,23,10,0,8.85,10.09,10.09,0,1540-FTG_Heather_Grey_S
,WMQNVC00,1540-FTG,XL,51,10,0,8.85,10.09,10.09,0,1540-FTG_Heather_Grey_XL
,WMQNVC00,1540-FTG,XS,11,10,0,8.85,10.09,10.09,0,1540-FTG_Heather_Grey_XS
,WMQNVN00,1540-FTG,XXL,17,10,0,11.2,11.64,11.64,0,1540-FTG_Navy_2XL
,WMQNVN00,1540-FTG,L,29,10,0,8.85,10.09,10.09,0,1540-FTG_Navy_L
,WMQNVN00,1540-FTG,M,20,10,0,8.85,10.09,10.09,0,1540-FTG_Navy_M
,WMQNVN00,1540-FTG,S,12,10,0,8.85,10.09,10.09,0,1540-FTG_Navy_S
,WMQNVN00,1540-FTG,XL,21,10,0,8.85,10.09,10.09,0,1540-FTG_Navy_XL
,WMQNVN00,1540-FTG,XS,21,10,0,8.85,10.09,10.09,0,1540-FTG_Navy_XS
,WMQNVP00,1540-FTG,XXL,10,0,0,11.2,11.64,11.64,0,1540-FTG_Purple_2XL
,WMQNVP00,1540-FTG,L,13,0,0,8.85,10.09,10.09,0,1540-FTG_Purple_L
,WMQNVP00,1540-FTG,M,7,0,0,8.85,10.09,10.09,0,1540-FTG_Purple_M
,WMQNVP00,1540-FTG,S,26,0,0,8.85,10.09,10.09,0,1540-FTG_Purple_S
,WMQNVP00,1540-FTG,XL,43,0,0,8.85,10.09,10.09,0,1540-FTG_Purple_XL
,WMQNVP00,1540-FTG,XS,36,0,0,8.85,10.09,10.09,0,1540-FTG_Purple_XS
,WMQNVR00,1540-FTG,XXL,20,0,0,11.2,11.64,11.64,0,1540-FTG_Red_2XL
,WMQNVR00,1540-FTG,L,14,0,0,8.85,10.09,10.09,0,1540-FTG_Red_L
,WMQNVR00,1540-FTG,M,16,0,0,8.85,10.09,10.09,0,1540-FTG_Red_M
,WMQNVR00,1540-FTG,S,21,0,0,8.85,10.09,10.09,0,1540-FTG_Red_S
,WMQNVR00,1540-FTG,XL,31,0,0,8.85,10.09,10.09,0,1540-FTG_Red_XL
,WMQNVR00,1540-FTG,XS,11,0,0,8.85,10.09,10.09,0,1540-FTG_Red_XS
,WMQNVA00,1540-FTG,XXL,20,6,0,11.2,11.64,11.64,0,1540-FTG_Royal_2XL
,WMQNVA00,1540-FTG,L,20,6,0,8.85,10.09,10.09,0,1540-FTG_Royal_L
,WMQNVA00,1540-FTG,M,24,6,0,8.85,10.09,10.09,0,1540-FTG_Royal_M
,WMQNVA00,1540-FTG,S,13,6,0,8.85,10.09,10.09,0,1540-FTG_Royal_S
,WMQNVA00,1540-FTG,XL,14,6,0,8.85,10.09,10.09,0,1540-FTG_Royal_XL
,WMQNVA00,1540-FTG,XS,20,6,0,8.85,10.09,10.09,0,1540-FTG_Royal_XS
,WMQNVW00,1540-FTG,XXL,65,10,0,11.2,11.64,11.64,0,1540-FTG_White_2XL
,WMQNVW00,1540-FTG,L,151,10,0,8.85,10.09,10.09,0,1540-FTG_White_L
,WMQNVW00,1540-FTG,M,162,10,0,8.85,10.09,10.09,0,1540-FTG_White_M
,WMQNVW00,1540-FTG,S,19,10,0,8.85,10.09,10.09,0,1540-FTG_White_S
,WMQNVW00,1540-FTG,XL,12,10,0,8.85,10.09,10.09,0,1540-FTG_White_XL
,WMQNVW00,1540-FTG,XS,10,10,0,8.85,10.09,10.09,0,1540-FTG_White_XS
,MSQBAB00,MSQBABG3-FTG,XXL,888,5,0,10.94,0,0,0,MSQBABG3-FTG_BLACK_2XL
,MSQBAB00,MSQBABG3-FTG,L,1640,5,0,10.94,0,0,0,MSQBABG3-FTG_BLACK_L
,MSQBAB00,MSQBABG3-FTG,M,701,5,0,10.94,0,0,0,MSQBABG3-FTG_BLACK_M
,MSQBAB00,MSQBABG3-FTG,S,212,5,0,10.94,0,0,0,MSQBABG3-FTG_BLACK_S
,MSQBAB00,MSQBABG3-FTG,XL,1310,5,0,10.94,0,0,0,MSQBABG3-FTG_BLACK_XL
,MSQBAF00,3501-FTG,XXL,45,0,0,13.7,0,0,0,3501-FTG_Green_2XL
,MSQBAF00,3501-FTG,L,71,0,0,11.9,0,0,0,3501-FTG_Green_L
,MSQBAF00,3501-FTG,M,91,0,0,11.9,0,0,0,3501-FTG_Green_M
,MSQBAF00,3501-FTG,S,73,0,0,11.9,0,0,0,3501-FTG_Green_S
,MSQBAF00,3501-FTG,XL,5,0,0,11.9,0,0,0,3501-FTG_Green_XL
,MSQBAC00,3501-FTG,XXL,351,0,0,13.7,0,0,0,3501-FTG_Heather_Grey_2XL
,MSQBHC00,MSQBHCG3-FTG,XXL,1007,0,0,10.94,0,0,0,MSQBHCG3-FTG_HEATHER_GREY_2XL
,MSQBAC00,3501-FTG,L,508,0,0,11.9,0,0,0,3501-FTG_Heather_Grey_L
,MSQBHC00,MSQBHCG3-FTG,L,774,0,0,10.94,0,0,0,MSQBHCG3-FTG_HEATHER_GREY_L
,MSQBAC00,3501-FTG,M,250,0,0,11.9,0,0,0,3501-FTG_Heather_Grey_M
,MSQBHC00,MSQBHCG3-FTG,M,587,0,0,10.94,0,0,0,MSQBHCG3-FTG_HEATHER_GREY_M
,MSQBAC00,3501-FTG,S,147,0,0,11.9,0,0,0,3501-FTG_Heather_Grey_S
,MSQBAC00,3501-FTG,XL,353,0,0,11.9,0,0,0,3501-FTG_Heather_Grey_XL
,MSQBHC00,MSQBHCG3-FTG,XL,678,0,0,10.94,0,0,0,MSQBHCG3-FTG_HEATHER_GREY_XL
,MSQBAZ00,3501-FTG,XXL,0,0,0,13.7,0,0,0,3501-FTG_Mint_2XL
,MSQBAZ00,3501-FTG,L,0,0,0,11.9,0,0,0,3501-FTG_Mint_L
,MSQBAZ00,3501-FTG,M,0,0,0,11.9,0,0,0,3501-FTG_Mint_M
,MSQBAZ00,3501-FTG,S,0,0,0,11.9,0,0,0,3501-FTG_Mint_S
,MSQBAZ00,3501-FTG,XL,0,0,0,11.9,0,0,0,3501-FTG_Mint_XL
,MSQBAN00,MSQBANG3-FTG,XXL,95,5,0,10.94,0,0,0,MSQBANG3-FTG_NAVY_2XL
,MSQBAN00,MSQBANG3-FTG,L,203,5,0,10.94,0,0,0,MSQBANG3-FTG_NAVY_L
,MSQBAN00,MSQBANG3-FTG,M,64,5,0,10.94,0,0,0,MSQBANG3-FTG_NAVY_M
,MSQBAN00,MSQBANG3-FTG,XL,123,5,0,10.94,0,0,0,MSQBANG3-FTG_NAVY_XL
,MSQBAP00,3501-FTG,XXL,38,0,0,13.7,0,0,0,3501-FTG_Purple_2XL
,MSQBAP00,3501-FTG,L,11,0,0,11.9,0,0,0,3501-FTG_Purple_L
,MSQBAP00,3501-FTG,M,63,0,0,11.9,0,0,0,3501-FTG_Purple_M
,MSQBAP00,3501-FTG,S,89,0,0,11.9,0,0,0,3501-FTG_Purple_S
,MSQBAP00,3501-FTG,XL,32,0,0,11.9,0,0,0,3501-FTG_Purple_XL
,MSQBAN00,MSQBANG3-FTG,S,27,5,0,10.94,0,0,0,MSQBANG3-FTG_NAVY_S
,MSQBAR00,3501-FTG,XXL,143,5,0,13.7,0,0,0,3501-FTG_RED_2XL
,MSQBAR00,3501-FTG,L,71,5,0,11.9,0,0,0,3501-FTG_RED_L
,MSQBAR00,3501-FTG,M,240,5,0,11.9,0,0,0,3501-FTG_RED_M
,MSQBAR00,3501-FTG,S,105,5,0,11.9,0,0,0,3501-FTG_RED_S
,MSQBAA00,3501-FTG,XXL,176,0,0,13.7,0,0,0,3501-FTG_Royal_2XL
,MSQBAA00,3501-FTG,L,79,0,0,11.9,0,0,0,3501-FTG_Royal_L
,MSQBAA00,3501-FTG,M,45,0,0,11.9,0,0,0,3501-FTG_Royal_M
,MSQBAA00,3501-FTG,S,75,0,0,11.9,0,0,0,3501-FTG_Royal_S
,MSQBAA00,3501-FTG,XL,150,0,0,11.9,0,0,0,3501-FTG_Royal_XL
,MSQBAR00,3501-FTG,XL,154,5,0,11.9,0,0,0,3501-FTG_RED_XL
,MSQBAW00,MSQBAWG3-FTG,L,618,5,0,10.94,0,0,0,MSQBAWG3-FTG_WHITE_L
,MSQBAW00,MSQBAWG3-FTG,M,282,5,0,10.94,0,0,0,MSQBAWG3-FTG_WHITE_M
,MSQBAW00,MSQBAWG3-FTG,S,64,5,0,10.94,0,0,0,MSQBAWG3-FTG_WHITE_S
,BSQVJB00,BSQVJBG3-FTG,L,16,0,2,33,0,0,36,BSQVJBG3-FTG_BLACK_L
,BSQVJB00,BSQVJBG3-FTG,M,5,0,2,33,0,0,36,BSQVJBG3-FTG_BLACK_M
,BSQVJB00,BSQVJBG3-FTG,S,9,0,2,33,0,0,36,BSQVJBG3-FTG_BLACK_S
,BSQVJB00,BSQVJBG3-FTG,XL,22,0,2,33,0,0,36,BSQVJBG3-FTG_BLACK_XL
,BSQVJC00,BSQVJCG3-FTG,L,12,0,2,33,0,0,36,BSQVJCG3-FTG_GREY_L
,BSQVJC00,BSQVJCG3-FTG,M,12,0,2,33,0,0,36,BSQVJCG3-FTG_GREY_M
,BSQVJC00,BSQVJCG3-FTG,S,11,0,2,33,0,0,36,BSQVJCG3-FTG_GREY_S
,BSQVJC00,BSQVJCG3-FTG,XL,14,0,2,33,0,0,36,BSQVJCG3-FTG_GREY_XL
,BSQVJH00,BSQVJHG3-FTG,L,17,0,2,33,0,0,36,BSQVJHG3-FTG_PINK_L
,BSQVJH00,BSQVJHG3-FTG,M,8,0,2,33,0,0,36,BSQVJHG3-FTG_PINK_M
,BSQVJH00,BSQVJHG3-FTG,S,4,0,2,33,0,0,36,BSQVJHG3-FTG_PINK_S
,BSQVJH00,BSQVJHG3-FTG,XL,3,0,2,33,0,0,36,BSQVJHG3-FTG_PINK_XL
,BSQVJN00,BSQVJNG3-FTG,L,20,0,2,33,0,0,36,BSQVJNG3-FTG_NAVY_L
,BSQVJN00,BSQVJNG3-FTG,M,11,0,2,33,0,0,36,BSQVJNG3-FTG_NAVY_M
,BSQVJN00,BSQVJNG3-FTG,S,12,0,2,33,0,0,36,BSQVJNG3-FTG_NAVY_S
,BSQVJN00,BSQVJNG3-FTG,XL,9,0,2,33,0,0,36,BSQVJNG3-FTG_NAVY_XL
,WMQLAB00,LS14001-FTG,XXL,48,6,0,20.65,20.65,20.65,0,LS14001-FTG_Black_2XL
,MSQLAB00,LS14001-FTG,XXL,1523,10,0,16.5,20.65,20.65,0,MSQLABG3-FTG_Black_2XL
,MSQLAB00,LS14001-FTG,L,3729,10,0,16.5,19.35,19.35,0,MSQLABG3-FTG_Black_L
,WMQLAB00,LS14001-FTG,L,30,6,0,19.35,19.35,19.35,0,LS14001-FTG_Black_L
,MSQLAB00,LS14001-FTG,M,3114,10,0,16.5,19.35,19.35,0,MSQLABG3-FTG_Black_M
,WMQLAB00,LS14001-FTG,M,6,6,0,19.35,19.35,19.35,0,LS14001-FTG_Black_M
,MSQLAB00,MSQLABG3-FTG,S,907,10,0,16.5,19.35,19.35,0,MSQLABG3-FTG_Black_S
,WMQLAB00,LS14001-FTG,S,210,6,0,19.35,19.35,19.35,0,LS14001-FTG_Black_S
,MSQLAB00,LS14001-FTG,XL,2722,10,0,16.5,19.35,19.35,0,MSQLABG3-FTG_Black_XL
,WMQLAB00,LS14001-FTG,XL,26,6,0,19.35,19.35,19.35,0,LS14001-FTG_Black_XL
,MSQLAB00,MSQLABG3-FTG,XS,250,10,0,16.5,19.35,19.35,0,MSQLABG3-FTG_Black_XS
,WMQLAB00,LS14001-FTG,XS,471,6,0,19.35,19.35,19.35,0,LS14001-FTG_Black_XS
,WMQLAF00,LS14001-FTG,XXL,7,0,0,20.65,20.65,20.65,0,LS14001-FTG_Green_2XL
,WMQLAG00,LS14001-FTG,XXL,7,0,0,20.65,20.65,20.65,0,LS14001-FTG_Green_2XL
,MSQLAF00,LS14001-FTG,XXL,7,0,0,20.65,20.65,20.65,0,LS14001-FTG_Green_2XL
,MSQLAG00,LS14001-FTG,XXL,7,0,0,20.65,20.65,20.65,0,LS14001-FTG_Green_2XL
,MSQLAF00,LS14001-FTG,L,2,0,0,19.35,19.35,19.35,0,LS14001-FTG_Green_L
,WMQLAF00,LS14001-FTG,L,2,0,0,19.35,19.35,19.35,0,LS14001-FTG_Green_L
,WMQLAG00,LS14001-FTG,L,2,0,0,19.35,19.35,19.35,0,LS14001-FTG_Green_L
,MSQLAG00,LS14001-FTG,L,2,0,0,19.35,19.35,19.35,0,LS14001-FTG_Green_L
,MSQLAF00,LS14001-FTG,M,73,0,0,19.35,19.35,19.35,0,LS14001-FTG_Green_M
,WMQLAF00,LS14001-FTG,M,73,0,0,19.35,19.35,19.35,0,LS14001-FTG_Green_M
,WMQLAG00,LS14001-FTG,M,73,0,0,19.35,19.35,19.35,0,LS14001-FTG_Green_M
,MSQLAG00,LS14001-FTG,M,73,0,0,19.35,19.35,19.35,0,LS14001-FTG_Green_M
,MSQLAF00,LS14001-FTG,S,98,0,0,19.35,19.35,19.35,0,LS14001-FTG_Green_S
,WMQLAF00,LS14001-FTG,S,98,0,0,19.35,19.35,19.35,0,LS14001-FTG_Green_S
,WMQLAG00,LS14001-FTG,S,98,0,0,19.35,19.35,19.35,0,LS14001-FTG_Green_S
,MSQLAG00,LS14001-FTG,S,98,0,0,19.35,19.35,19.35,0,LS14001-FTG_Green_S
,MSQLAF00,LS14001-FTG,XL,26,0,0,19.35,19.35,19.35,0,LS14001-FTG_Green_XL
,WMQLAF00,LS14001-FTG,XL,26,0,0,19.35,19.35,19.35,0,LS14001-FTG_Green_XL
,WMQLAG00,LS14001-FTG,XL,26,0,0,19.35,19.35,19.35,0,LS14001-FTG_Green_XL
,MSQLAG00,LS14001-FTG,XL,26,0,0,19.35,19.35,19.35,0,LS14001-FTG_Green_XL
,MSQLAF00,LS14001-FTG,XS,35,0,0,19.35,19.35,19.35,0,LS14001-FTG_Green_XS
,WMQLAF00,LS14001-FTG,XS,35,0,0,19.35,19.35,19.35,0,LS14001-FTG_Green_XS
,WMQLAG00,LS14001-FTG,XS,35,0,0,19.35,19.35,19.35,0,LS14001-FTG_Green_XS
,MSQLAG00,LS14001-FTG,XS,35,0,0,19.35,19.35,19.35,0,LS14001-FTG_Green_XS
,WMQLAC00,LS14001-FTG,XXL,6,6,0,20.65,20.65,20.65,0,LS14001-FTG_Heather_Grey_2XL
,MSQLAC00,MSQLACG3-FTG,XXL,1120,10,0,16.5,20.65,20.65,0,MSQLACG3-FTG_Heather_Grey_2XL
,MSQLAC00,MSQLACG3-FTG,L,2245,10,0,16.5,19.35,19.35,0,MSQLACG3-FTG_Heather_Grey_L
,WMQLAC00,LS14001-FTG,L,8,6,0,19.35,19.35,19.35,0,LS14001-FTG_Heather_Grey_L
,MSQLAC00,MSQLACG3-FTG,M,1942,10,0,16.5,19.35,19.35,0,MSQLACG3-FTG_Heather_Grey_M
,WMQLAC00,LS14001-FTG,M,59,6,0,19.35,19.35,19.35,0,LS14001-FTG_Heather_Grey_M
,MSQLAC00,MSQLACG3-FTG,S,485,10,0,16.5,19.35,19.35,0,MSQLACG3-FTG_Heather_Grey_S
,WMQLAC00,LS14001-FTG,S,193,6,0,19.35,19.35,19.35,0,LS14001-FTG_Heather_Grey_S
,MSQLAC00,LS14001-FTG,XL,1740,10,0,16.5,19.35,19.35,0,MSQLACG3-FTG_Heather_Grey_XL
,WMQLAC00,LS14001-FTG,XL,105,6,0,19.35,19.35,19.35,0,LS14001-FTG_Heather_Grey_XL
,MSQLAC00,MSQLACG3-FTG,XS,150,10,0,16.5,19.35,19.35,0,MSQLACG3-FTG_Heather_Grey_XS
,WMQLAC00,LS14001-FTG,XS,226,6,0,19.35,19.35,19.35,0,LS14001-FTG_Heather_Grey_XS
,WMQLAN00,LS14001-FTG,XXL,60,6,0,20.65,20.65,20.65,0,LS14001-FTG_Navy_2XL
,MSQLAN00,MSQLANG3-FTG,XXL,24,10,0,16.5,20.65,20.65,0,MSQLANG3-FTG_Navy_2XL
,MSQLAN00,MSQLANG3-FTG,L,101,10,0,16.5,19.35,19.35,0,MSQLANG3-FTG_Navy_L
,WMQLAN00,LS14001-FTG,L,6,6,0,19.35,19.35,19.35,0,LS14001-FTG_Navy_L
,MSQLAN00,MSQLANG3-FTG,M,154,10,0,16.5,19.35,19.35,0,MSQLANG3-FTG_Navy_M
,WMQLAN00,LS14001-FTG,M,21,6,0,19.35,19.35,19.35,0,LS14001-FTG_Navy_M
,MSQLAN00,MSQLANG3-FTG,S,40,10,0,16.5,19.35,19.35,0,MSQLANG3-FTG_Navy_S
,WMQLAN00,LS14001-FTG,S,40,6,0,19.35,19.35,19.35,0,LS14001-FTG_Navy_S
,MSQLAN00,MSQLANG3-FTG,XL,30,10,0,16.5,19.35,19.35,0,MSQLANG3-FTG_Navy_XL
,WMQLAN00,LS14001-FTG,XL,92,6,0,19.35,19.35,19.35,0,LS14001-FTG_Navy_XL
,MSQLAN00,MSQLANG3-FTG,XS,25,10,0,16.5,19.35,19.35,0,MSQLANG3-FTG_Navy_XS
,WMQLAN00,LS14001-FTG,XS,58,6,0,19.35,19.35,19.35,0,LS14001-FTG_Navy_XS
,WMQLAP00,LS14001-FTG,XXL,0,0,0,20.65,20.65,20.65,0,LS14001-FTG_Purple_2XL
,WMQLAP00,LS14001-FTG,L,0,0,0,19.35,19.35,19.35,0,LS14001-FTG_Purple_L
,WMQLAP00,LS14001-FTG,M,0,0,0,19.35,19.35,19.35,0,LS14001-FTG_Purple_M
,WMQLAP00,LS14001-FTG,S,0,0,0,19.35,19.35,19.35,0,LS14001-FTG_Purple_S
,WMQLAP00,LS14001-FTG,XL,0,0,0,19.35,19.35,19.35,0,LS14001-FTG_Purple_XL
,WMQLAP00,LS14001-FTG,XS,0,0,0,19.35,19.35,19.35,0,LS14001-FTG_Purple_XS
,WMQLAR00,LS14001-FTG,XXL,52,0,0,20.65,20.65,20.65,0,LS14001-FTG_Red_2XL
,WMQLAR00,LS14001-FTG,L,73,0,0,19.35,19.35,19.35,0,LS14001-FTG_Red_L
,WMQLAR00,LS14001-FTG,M,137,0,0,19.35,19.35,19.35,0,LS14001-FTG_Red_M
,MSQBAW00,MSQBAWG3-FTG,XL,467,5,0,10.94,0,0,0,MSQBAWG3-FTG_WHITE_XL
,WMQLAR00,LS14001-FTG,S,10,0,0,19.35,19.35,19.35,0,LS14001-FTG_Red_S
,WMQLAR00,LS14001-FTG,XL,21,0,0,19.35,19.35,19.35,0,LS14001-FTG_Red_XL
,MSQLAR00,MSQLARG3-FTG,XS,24,0,0,16.5,19.35,19.35,0,MSQLARG3-FTG_Red_XS
,WMQLAR00,LS14001-FTG,XS,9,0,0,19.35,19.35,19.35,0,LS14001-FTG_Red_XS
,WMQLAA00,LS14001-FTG,XXL,48,0,0,20.65,20.65,20.65,0,LS14001-FTG_Royal_2XL
,MSQLAA00,LS14001-FTG,XXL,48,0,0,20.65,20.65,20.65,0,LS14001-FTG_Royal_2XL
,MSQLAA00,LS14001-FTG,L,0,0,0,19.35,19.35,19.35,0,LS14001-FTG_Royal_L
,WMQLAA00,LS14001-FTG,L,0,0,0,19.35,19.35,19.35,0,LS14001-FTG_Royal_L
,MSQLAA00,LS14001-FTG,M,0,0,0,19.35,19.35,19.35,0,LS14001-FTG_Royal_M
,WMQLAA00,LS14001-FTG,M,0,0,0,19.35,19.35,19.35,0,LS14001-FTG_Royal_M
,MSQLAA00,LS14001-FTG,S,25,0,0,19.35,19.35,19.35,0,LS14001-FTG_Royal_S
,WMQLAA00,LS14001-FTG,S,25,0,0,19.35,19.35,19.35,0,LS14001-FTG_Royal_S
,MSQLAA00,LS14001-FTG,XL,0,0,0,19.35,19.35,19.35,0,LS14001-FTG_Royal_XL
,WMQLAA00,LS14001-FTG,XL,0,0,0,19.35,19.35,19.35,0,LS14001-FTG_Royal_XL
,MSQLAA00,LS14001-FTG,XS,5,0,0,19.35,19.35,19.35,0,LS14001-FTG_Royal_XS
,WMQLAA00,LS14001-FTG,XS,5,0,0,19.35,19.35,19.35,0,LS14001-FTG_Royal_XS
,WMQLAW00,LS14001-FTG,XXL,37,6,0,20.65,20.65,20.65,0,LS14001-FTG_White_2XL
,MSQLAW00,LS14001-FTG,L,1424,10,0,16.5,19.35,19.35,0,MSQLAWG3-FTG_White_L
,WMQLAW00,LS14001-FTG,L,92,6,0,19.35,19.35,19.35,0,LS14001-FTG_White_L
,MSQLAW00,LS14001-FTG,M,1181,10,0,16.5,19.35,19.35,0,MSQLAWG3-FTG_White_M
,WMQLAW00,LS14001-FTG,M,20,6,0,19.35,19.35,19.35,0,LS14001-FTG_White_M
,MSQLAW00,MSQLAWG3-FTG,S,273,10,0,16.5,19.35,19.35,0,MSQLAWG3-FTG_White_S
,WMQLAW00,LS14001-FTG,S,53,6,0,19.35,19.35,19.35,0,LS14001-FTG_White_S
,MSQLAW00,LS14001-FTG,XL,1050,10,0,16.5,19.35,19.35,0,MSQLAWG3-FTG_White_XL
,WMQLAW00,LS14001-FTG,XL,113,6,0,19.35,19.35,19.35,0,LS14001-FTG_White_XL
,MSQLAW00,MSQLAWG3-FTG,XS,98,0,0,16.5,19.35,19.35,0,MSQLAWG3-FTG_White_XS
,WMQLAW00,LS14001-FTG,XS,7,6,0,19.35,19.35,19.35,0,LS14001-FTG_White_XS
,MSQLCB00,LS14004-FTG,XXL,691,10,0,14.26,17.5,17.5,0,MSQLCBG3-FTG_BLACK_2XL
,WMQLCB00,LS14004-FTG,XXL,40,6,0,17.5,17.5,17.5,0,LS14004-FTG_Black_2XL
,MSQLCB00,MSQLCBG3-FTG,L,1463,10,0,14.26,16.82,16.82,0,MSQLCBG3-FTG_BLACK_L
,WMQLCB00,LS14004-FTG,L,219,6,0,16.75,16.82,16.82,0,LS14004-FTG_Black_L
,MSQLCB00,MSQLCBG3-FTG,M,1204,10,0,14.26,16.82,16.82,0,MSQLCBG3-FTG_BLACK_M
,WMQLCB00,LS14004-FTG,M,128,6,0,16.75,16.82,16.82,0,LS14004-FTG_Black_M
,MSQLCB00,MSQLCBG3-FTG,S,491,10,0,14.26,16.82,16.82,0,MSQLCBG3-FTG_BLACK_S
,WMQLCB00,LS14004-FTG,S,8,6,0,16.75,16.82,16.82,0,LS14004-FTG_Black_S
,MSQLCB00,LS14004-FTG,XL,1291,10,0,14.26,16.82,16.82,0,MSQLCBG3-FTG_BLACK_XL
,WMQLCB00,LS14004-FTG,XL,45,6,0,16.75,16.82,16.82,0,LS14004-FTG_Black_XL
,MSQLCB00,MSQLCBG3-FTG,XS,150,10,0,14.26,16.82,16.82,0,MSQLCBG3-FTG_BLACK_XS
,WMQLCB00,LS14004-FTG,XS,39,6,0,16.75,16.82,16.82,0,LS14004-FTG_Black_XS
,MSQLCC00,MSQLCCG3-FTG,XXL,995,10,0,14.26,17.5,17.5,0,MSQLCCG3-FTG_HEATHER_GREY_2XL
,WMQLCC00,LS14004-FTG,XXL,286,6,0,17.5,17.5,17.5,0,LS14004-FTG_HEATHER_GREY_2XL
,MSQLCC00,MSQLCCG3-FTG,L,1508,10,0,14.26,16.82,16.82,0,MSQLCCG3-FTG_HEATHER_GREY_L
,WMQLCC00,LS14004-FTG,L,17,6,0,16.75,16.82,16.82,0,LS14004-FTG_HEATHER_GREY_L
,MSQLCC00,MSQLCCG3-FTG,M,1212,10,0,14.26,16.82,16.82,0,MSQLCCG3-FTG_HEATHER_GREY_M
,WMQLCC00,LS14004-FTG,M,6,6,0,16.75,16.82,16.82,0,LS14004-FTG_HEATHER_GREY_M
,MSQLCC00,MSQLCCG3-FTG,S,475,10,0,14.26,16.82,16.82,0,MSQLCCG3-FTG_HEATHER_GREY_S
,WMQLCC00,LS14004-FTG,S,10,6,0,16.75,16.82,16.82,0,LS14004-FTG_HEATHER_GREY_S
,MSQLCC00,MSQLCCG3-FTG,XL,1117,10,0,14.26,16.82,16.82,0,MSQLCCG3-FTG_HEATHER_GREY_XL
,WMQLCC00,LS14004-FTG,XL,173,6,0,16.75,16.82,16.82,0,LS14004-FTG_HEATHER_GREY_XL
,MSQLCC00,MSQLCCG3-FTG,XS,397,10,0,14.26,16.82,16.82,0,MSQLCCG3-FTG_HEATHER_GREY_XS
,WMQLCC00,LS14004-FTG,XS,6,6,0,16.75,16.82,16.82,0,LS14004-FTG_HEATHER_GREY_XS
,WMQLCN00,LS14004-FTG,XXL,6,6,0,17.5,17.5,17.5,0,LS14004-FTG_Navy_2XL
,MSQLCN00,MSQLCNG3-FTG,XXL,23,10,0,14.26,17.5,17.5,0,MSQLCNG3-FTG_NAVY_2XL
,WMQLCN00,LS14004-FTG,L,28,6,0,16.75,16.82,16.82,0,LS14004-FTG_Navy_L
,MSQLCN00,MSQLCNG3-FTG,L,182,10,0,14.26,16.82,16.82,0,MSQLCNG3-FTG_NAVY_L
,WMQLCN00,LS14004-FTG,M,6,6,0,16.75,16.82,16.82,0,LS14004-FTG_Navy_M
,MSQLCN00,MSQLCNG3-FTG,M,183,10,0,14.26,16.82,16.82,0,MSQLCNG3-FTG_NAVY_M
,WMQLCN00,LS14004-FTG,S,6,6,0,16.75,16.82,16.82,0,LS14004-FTG_Navy_S
,WMQLCN00,LS14004-FTG,XL,14,6,0,16.75,16.82,16.82,0,LS14004-FTG_Navy_XL
,MSQLCN00,MSQLCNG3-FTG,XL,85,10,0,14.26,16.82,16.82,0,MSQLCNG3-FTG_NAVY_XL
,WMQLCN00,LS14004-FTG,XS,55,6,0,16.75,16.82,16.82,0,LS14004-FTG_Navy_XS
,MSQLCN00,MSQLCNG3-FTG,XS,25,10,0,14.26,16.82,16.82,0,MSQLCNG3-FTG_NAVY_XS
,MSQBAW00,MSQBAWG3-FTG,XXL,336,5,0,10.94,0,0,0,MSQBAWG3-FTG_WHITE_2XL
,MSQCAK00,MSQCAKG3-FTG,XXL,50,5,0,9.21,0,0,0,MSQCAKG3-FTG_GREEN_2XL
,MSQCAK00,MSQCAKG3-FTG,L,33,5,0,9.21,0,0,0,MSQCAKG3-FTG_GREEN_L
,MSQCAK00,MSQCAKG3-FTG,M,18,5,0,9.21,0,0,0,MSQCAKG3-FTG_GREEN_M
,MSQCAK00,MSQCAKG3-FTG,S,5,5,0,9.21,0,0,0,MSQCAKG3-FTG_GREEN_S
,MSQLCR00,MSQLCRG3-FTG,XS,0,0,0,14.26,16.82,16.82,0,MSQLCRG3-FTG_RED_XS
,MSQLCA00,LS14004-FTG,XXL,91,0,0,17.5,17.5,17.5,0,LS14004-FTG_Royal_2XL
,WMQLCA00,LS14004-FTG,XXL,91,0,0,17.5,17.5,17.5,0,LS14004-FTG_Royal_2XL
,MSQLCA00,LS14004-FTG,L,0,0,0,16.75,16.82,16.82,0,LS14004-FTG_Royal_L
,WMQLCA00,LS14004-FTG,L,0,0,0,16.75,16.82,16.82,0,LS14004-FTG_Royal_L
,MSQLCA00,LS14004-FTG,M,5,0,0,16.75,16.82,16.82,0,LS14004-FTG_Royal_M
,WMQLCA00,LS14004-FTG,M,5,0,0,16.75,16.82,16.82,0,LS14004-FTG_Royal_M
,MSQLCA00,LS14004-FTG,S,27,0,0,16.75,16.82,16.82,0,LS14004-FTG_Royal_S
,WMQLCA00,LS14004-FTG,S,27,0,0,16.75,16.82,16.82,0,LS14004-FTG_Royal_S
,MSQLCA00,LS14004-FTG,XL,5,0,0,16.75,16.82,16.82,0,LS14004-FTG_Royal_XL
,WMQLCA00,LS14004-FTG,XL,5,0,0,16.75,16.82,16.82,0,LS14004-FTG_Royal_XL
,MSQLCA00,LS14004-FTG,XS,5,0,0,16.75,16.82,16.82,0,LS14004-FTG_Royal_XS
,WMQLCA00,LS14004-FTG,XS,5,0,0,16.75,16.82,16.82,0,LS14004-FTG_Royal_XS
,MSQLCW00,MSQLCWG3-FTG,XXL,359,10,0,14.26,17.5,17.5,0,MSQLCWG3-FTG_WHITE_2XL
,WMQLCW00,LS14004-FTG,XXL,88,6,0,17.5,17.5,17.5,0,LS14004-FTG_White_2XL
,MSQLCW00,MSQLCWG3-FTG,L,714,10,0,14.26,16.82,16.82,0,MSQLCWG3-FTG_WHITE_L
,WMQLCW00,LS14004-FTG,L,152,6,0,16.75,16.82,16.82,0,LS14004-FTG_White_L
,MSQLCW00,MSQLCWG3-FTG,M,250,10,0,14.26,16.82,16.82,0,MSQLCWG3-FTG_WHITE_M
,WMQLCW00,LS14004-FTG,M,44,6,0,16.75,16.82,16.82,0,LS14004-FTG_White_M
,WMQLCW00,LS14004-FTG,S,24,6,0,16.75,16.82,16.82,0,LS14004-FTG_White_S
,MSQLCW00,MSQLCWG3-FTG,XL,596,10,0,14.26,16.82,16.82,0,MSQLCWG3-FTG_WHITE_XL
,WMQLCW00,LS14004-FTG,XL,104,6,0,16.75,16.82,16.82,0,LS14004-FTG_White_XL
,MSQLCW00,MSQLCWG3-FTG,XS,90,0,0,14.26,16.82,16.82,0,MSQLCWG3-FTG_WHITE_XS
,WMQLCW00,LS14004-FTG,XS,17,6,0,16.75,16.82,16.82,0,LS14004-FTG_White_XS
,MSQCAB00,MSQCABG3-FTG,XXL,333,0,0,9.21,0,0,0,MSQCABG3-FTG_BLACK_2XL
,MSQCAB00,MSQCABG3-FTG,L,379,0,0,9.21,0,0,0,MSQCABG3-FTG_BLACK_L
,MSQCAB00,MSQCABG3-FTG,M,186,0,0,9.21,0,0,0,MSQCABG3-FTG_BLACK_M
,MSQCAB00,MSQCABG3-FTG,S,97,0,0,9.21,0,0,0,MSQCABG3-FTG_BLACK_S
,MSQCAB00,MSQCABG3-FTG,XL,467,0,0,9.21,0,0,0,MSQCABG3-FTG_BLACK_XL
,MSQCAV00,MC1040-FTG,XXL,0,0,0,11,0,0,0,MC1040-FTG_CHARCOAL_HEATHER_2XL
,MSQCAV00,MC1040-FTG,L,0,0,0,9.5,0,0,0,MC1040-FTG_CHARCOAL_HEATHER_L
,MSQCAV00,MC1040-FTG,M,0,0,0,9.5,0,0,0,MC1040-FTG_CHARCOAL_HEATHER_M
,MSQCAV00,MC1040-FTG,S,0,0,0,9.5,0,0,0,MC1040-FTG_CHARCOAL_HEATHER_S
,MSQCAV00,MC1040-FTG,XL,0,0,0,9.5,0,0,0,MC1040-FTG_CHARCOAL_HEATHER_XL
,MSQCAV00,MC1040-FTG,XS,0,0,0,9.5,0,0,0,MC1040-FTG_CHARCOAL_HEATHER_XS
,MSQCAF00,MC1040-FTG,XXL,29,0,0,11,0,0,0,MC1040-FTG_Green_2XL
,MSQCAF00,MC1040-FTG,L,17,0,0,9.5,0,0,0,MC1040-FTG_Green_L
,MSQCAF00,MC1040-FTG,M,7,0,0,9.5,0,0,0,MC1040-FTG_Green_M
,MSQCAF00,MC1040-FTG,S,29,0,0,9.5,0,0,0,MC1040-FTG_Green_S
,MSQCAF00,MC1040-FTG,XL,20,0,0,9.5,0,0,0,MC1040-FTG_Green_XL
,MSQCAC00,MSQCACG3-FTG,XXL,76,0,0,9.21,0,0,0,MSQCACG3-FTG_HEATHER_GREY_2XL
,MSQCAC00,MSQCACG3-FTG,L,16,0,0,9.21,0,0,0,MSQCACG3-FTG_HEATHER_GREY_L
,MSQCAC00,MSQCACG3-FTG,M,146,0,0,9.21,0,0,0,MSQCACG3-FTG_HEATHER_GREY_M
,MSQCAC00,MSQCACG3-FTG,S,98,0,0,9.21,0,0,0,MSQCACG3-FTG_HEATHER_GREY_S
,MSQCAC00,MSQCACG3-FTG,XL,5,0,0,9.21,0,0,0,MSQCACG3-FTG_HEATHER_GREY_XL
,MSQCAN00,MC1040-FTG,XXL,20,0,0,11,0,0,0,MC1040-FTG_Navy_2XL
,MSQCAN00,MC1040-FTG,L,24,0,0,9.5,0,0,0,MC1040-FTG_Navy_L
,MSQCAN00,MC1040-FTG,M,11,0,0,9.5,0,0,0,MC1040-FTG_Navy_M
,MSQCAN00,MC1040-FTG,S,24,0,0,9.5,0,0,0,MC1040-FTG_Navy_S
,MSQCAN00,MC1040-FTG,XL,37,0,0,9.5,0,0,0,MC1040-FTG_Navy_XL
,MSQCAP00,MC1040-FTG,XXL,71,0,0,11,0,0,0,MC1040-FTG_Purple_2XL
,MSQCAP00,MC1040-FTG,L,15,0,0,9.5,0,0,0,MC1040-FTG_Purple_L
,MSQCAP00,MC1040-FTG,M,3,0,0,9.5,0,0,0,MC1040-FTG_Purple_M
,MSQCAP00,MC1040-FTG,S,7,0,0,9.5,0,0,0,MC1040-FTG_Purple_S
,MSQCAP00,MC1040-FTG,XL,17,0,0,9.5,0,0,0,MC1040-FTG_Purple_XL
,MSQCAR00,MC1040-FTG,XXL,14,0,0,11,0,0,0,MC1040-FTG_Red_2XL
,MSQCAR00,MC1040-FTG,L,6,0,0,9.5,0,0,0,MC1040-FTG_Red_L
,MSQCAR00,MC1040-FTG,M,45,0,0,9.5,0,0,0,MC1040-FTG_Red_M
,MSQCAR00,MC1040-FTG,S,18,0,0,9.5,0,0,0,MC1040-FTG_Red_S
,MSQCAR00,MC1040-FTG,XL,16,0,0,9.5,0,0,0,MC1040-FTG_Red_XL
,MSQCAA00,MC1040-FTG,XXL,4,0,0,11,0,0,0,MC1040-FTG_Royal_2XL
,MSQCAA00,MC1040-FTG,L,8,0,0,9.5,0,0,0,MC1040-FTG_Royal_L
,MSQCAA00,MC1040-FTG,M,5,0,0,9.5,0,0,0,MC1040-FTG_Royal_M
,MSQCAA00,MC1040-FTG,S,22,0,0,9.5,0,0,0,MC1040-FTG_Royal_S
,MSQCAA00,MC1040-FTG,XL,5,0,0,9.5,0,0,0,MC1040-FTG_Royal_XL
,MSQCAW00,MSQCABG3-FTG,XXL,0,0,0,9.21,0,0,0,MSQCAWG3-FTG_WHITE_2XL
,MSQCAW00,MSQCABG3-FTG,L,0,0,0,9.21,0,0,0,MSQCAWG3-FTG_WHITE_L
,MSQCAW00,MSQCABG3-FTG,M,0,0,0,9.21,0,0,0,MSQCAWG3-FTG_WHITE_M
,MSQCAW00,MSQCABG3-FTG,S,0,0,0,9.21,0,0,0,MSQCAWG3-FTG_WHITE_S
,MSQCAW00,MSQCABG3-FTG,XL,0,0,0,9.21,0,0,0,MSQCAWG3-FTG_WHITE_XL
,MSQBAK00,MSQBAKG3-FTG,XXL,147,0,5,10.95,0,0,0,MSQBAKG3-FTG_KELLYGREEN_2XL
,MSQBAK00,MSQBAKG3-FTG,L,42,0,5,10.95,0,0,0,MSQBAKG3-FTG_KELLYGREEN_L
,MSQBAK00,MSQBAKG3-FTG,M,55,0,5,10.95,0,0,0,MSQBAKG3-FTG_KELLYGREEN_M
,MSQBAK00,MSQBAKG3-FTG,S,45,0,5,10.95,0,0,0,MSQBAKG3-FTG_KELLYGREEN_S
,MSQBAK00,MSQBAKG3-FTG,XL,54,0,5,10.95,0,0,0,MSQBAKG3-FTG_KELLYGREEN_XL
,MSQBAL00,MSQBALG3-FTG,XXL,139,0,5,10.95,0,0,0,MSQBALG3-FTG_LIONSROYAL_2XL
,MSQBAL00,MSQBALG3-FTG,L,230,0,5,10.95,0,0,0,MSQBALG3-FTG_LIONSROYAL_L
,MSQBAL00,MSQBALG3-FTG,M,87,0,5,10.95,0,0,0,MSQBALG3-FTG_LIONSROYAL_M
,MSQBAL00,MSQBALG3-FTG,S,9,0,5,10.95,0,0,0,MSQBALG3-FTG_LIONSROYAL_S
,MSQBAL00,MSQBALG3-FTG,XL,146,0,5,10.95,0,0,0,MSQBALG3-FTG_LIONSROYAL_XL
,MSQCAK00,MSQCAKG3-FTG,XL,95,5,0,9.21,0,0,0,MSQCAKG3-FTG_GREEN_XL
,MSQLAR00,MSQLARG3-FTG,S,159,5,0,16.5,19.35,19.35,0,MSQLARG3-FTG_Red_S
,MSQBHC00,MSQBHCG3-FTG,S,269,0,0,10.94,0,0,0,MSQBHCG3-FTG_HEATHER_GREY_S
,MSQLAR00,MSQLARG3-FTG,XXL,165,5,0,16.5,20.65,20.65,0,MSQLARG3-FTG_Red_2XL
,MSQLAR00,MSQLARG3-FTG,L,397,5,0,16.5,19.35,19.35,0,MSQLARG3-FTG_Red_L
,MSQLAR00,MSQLARG3-FTG,M,305,5,0,16.5,19.35,19.35,0,MSQLARG3-FTG_Red_M
,MSQLAR00,MSQLARG3-FTG,XL,282,5,0,16.5,19.35,19.35,0,MSQLARG3-FTG_Red_XL
,MSQLCR00,MSQLCRG3-FTG,XXL,47,5,0,14.26,17.5,17.5,0,MSQLCRG3-FTG_RED_2XL
,MSQCAK00,MSQCAKG3-FTG,XS,0,0,0,9.21,0,0,0,MSQCAKG3-FTG_GREEN_XS
,MSQCAL00,MSQCALG3-FTG,XXL,135,0,5,9.21,0,0,0,MSQCALG3-FTG_LIONSROYAL_2XL
,MSQCAL00,MSQCALG3-FTG,L,291,0,5,9.21,0,0,0,MSQCALG3-FTG_LIONSROYAL_L
,MSQCAL00,MSQCALG3-FTG,M,208,0,5,9.21,0,0,0,MSQCALG3-FTG_LIONSROYAL_M
,MSQCAL00,MSQCALG3-FTG,S,116,0,5,9.21,0,0,0,MSQCALG3-FTG_LIONSROYAL_S
,MSQCAL00,MSQCALG3-FTG,XL,336,0,5,9.21,0,0,0,MSQCALG3-FTG_LIONSROYAL_XL
,MSQCJB00,MSQCJBG3-FTG,XXL,0,0,2,31.75,0,0,31.75,MSQCJBG3-FTG_BLACK_2XL
,MSQCJB00,MSQCJBG3-FTG,L,0,0,2,31.75,0,0,31.75,MSQCJBG3-FTG_BLACK_L
,MSQCJB00,MSQCJBG3-FTG,M,3,0,2,31.75,0,0,31.75,MSQCJBG3-FTG_BLACK_M
,MSQCJB00,MSQCJBG3-FTG,S,5,0,2,31.75,0,0,31.75,MSQCJBG3-FTG_BLACK_S
,MSQCJB00,MSQCJBG3-FTG,XL,0,0,2,31.75,0,0,31.75,MSQCJBG3-FTG_BLACK_XL
,MSQCJC00,MSQCJCG3-FTG,XXL,5,0,2,31.75,0,0,31.75,MSQCJCG3-FTG_GREY_2XL
,MSQCJC00,MSQCJCG3-FTG,L,38,0,2,31.75,0,0,31.75,MSQCJCG3-FTG_GREY_L
,MSQCJC00,MSQCJCG3-FTG,M,16,0,2,31.75,0,0,31.75,MSQCJCG3-FTG_GREY_M
,MSQCJC00,MSQCJCG3-FTG,S,12,0,2,31.75,0,0,31.75,MSQCJCG3-FTG_GREY_S
,MSQCJC00,MSQCJCG3-FTG,XL,9,0,2,31.75,0,0,31.75,MSQCJCG3-FTG_GREY_XL
,MSQCJN00,MSQCJNG3-FTG,XXL,0,0,2,31.75,0,0,31.75,MSQCJNG3-FTG_NAVY_2XL
,MSQCJN00,MSQCJNG3-FTG,L,5,0,2,31.75,0,0,31.75,MSQCJNG3-FTG_NAVY_L
,MSQCJN00,MSQCJNG3-FTG,M,5,0,2,31.75,0,0,31.75,MSQCJNG3-FTG_NAVY_M
,MSQCJN00,MSQCJNG3-FTG,S,5,0,2,31.75,0,0,31.75,MSQCJNG3-FTG_NAVY_S
,MSQCJN00,MSQCJNG3-FTG,XL,4,0,2,31.75,0,0,31.75,MSQCJNG3-FTG_NAVY_XL
,MSQLAK00,MSQLAKG3-FTG,XXL,106,0,5,16.5,0,0,0,MSQLAKG3-FTG_KELLYGREEN_2XL
,MSQLAK00,MSQLAKG3-FTG,L,278,0,5,16.5,0,0,0,MSQLAKG3-FTG_KELLYGREEN_L
,MSQLAK00,MSQLAKG3-FTG,M,249,0,5,16.5,0,0,0,MSQLAKG3-FTG_KELLYGREEN_M
,MSQLAK00,MSQLAKG3-FTG,S,43,0,5,16.5,0,0,0,MSQLAKG3-FTG_KELLYGREEN_S
,MSQLAK00,MSQLAKG3-FTG,XL,202,0,5,16.5,0,0,0,MSQLAKG3-FTG_KELLYGREEN_XL
,MSQLAK00,MSQLAKG3-FTG,XS,47,0,5,16.5,0,0,0,MSQLAKG3-FTG_KELLYGREEN_XS
,MSQLAL00,MSQLALG3-FTG,XXL,239,0,5,16.5,0,0,0,MSQLALG3-FTG_LIONSROYAL_2XL
,MSQLAL00,MSQLALG3-FTG,L,457,0,5,16.5,0,0,0,MSQLALG3-FTG_LIONSROYAL_L
,MSQLAL00,MSQLALG3-FTG,M,325,0,5,16.5,0,0,0,MSQLALG3-FTG_LIONSROYAL_M
,MSQLAL00,MSQLALG3-FTG,S,95,0,5,16.5,0,0,0,MSQLALG3-FTG_LIONSROYAL_S
,MSQLAL00,MSQLALG3-FTG,XL,313,0,5,16.5,0,0,0,MSQLALG3-FTG_LIONSROYAL_XL
,MSQLAL00,MSQLALG3-FTG,XS,48,0,5,16.5,0,0,0,MSQLALG3-FTG_LIONSROYAL_XS
,MSQLCR00,MSQLCRG3-FTG,L,189,5,0,14.26,16.82,16.82,0,MSQLCRG3-FTG_RED_L
,MSQLCR00,MSQLCRG3-FTG,M,142,5,0,14.26,16.82,16.82,0,MSQLCRG3-FTG_RED_M
,MSQLCR00,MSQLCRG3-FTG,S,47,5,0,14.26,16.82,16.82,0,MSQLCRG3-FTG_RED_S
,MSQLCR00,MSQLCRG3-FTG,XL,89,5,0,14.26,16.82,16.82,0,MSQLCRG3-FTG_RED_XL
,MSQLAW00,LS14001-FTG,XXL,532,10,0,16.5,20.65,20.65,0,MSQLAWG3-FTG_White_2XL
,MSQLCK00,MSQLCKG3-FTG,XXL,122,0,5,14.26,0,0,0,MSQLCKG3-FTG_KELLYGREEN_2XL
,MSQLCK00,MSQLCKG3-FTG,L,188,0,5,14.26,0,0,0,MSQLCKG3-FTG_KELLYGREEN_L
,MSQLCK00,MSQLCKG3-FTG,M,145,0,5,14.26,0,0,0,MSQLCKG3-FTG_KELLYGREEN_M
,MSQLCK00,MSQLCKG3-FTG,S,111,0,5,14.26,0,0,0,MSQLCKG3-FTG_KELLYGREEN_S
,MSQLCK00,MSQLCKG3-FTG,XL,134,0,5,14.26,0,0,0,MSQLCKG3-FTG_KELLYGREEN_XL
,MSQLCK00,MSQLCKG3-FTG,XS,48,0,5,14.26,0,0,0,MSQLCKG3-FTG_KELLYGREEN_XS
,MSQLCL00,MSQLCLG3-FTG,XXL,187,0,5,14.26,0,0,0,MSQLCLG3-FTG_LIONSROYAL_2XL
,MSQLCL00,MSQLCLG3-FTG,L,422,0,5,14.26,0,0,0,MSQLCLG3-FTG_LIONSROYAL_L
,MSQLCL00,MSQLCLG3-FTG,M,285,0,5,14.26,0,0,0,MSQLCLG3-FTG_LIONSROYAL_M
,MSQLCL00,MSQLCLG3-FTG,S,103,0,5,14.26,0,0,0,MSQLCLG3-FTG_LIONSROYAL_S
,MSQLCL00,MSQLCLG3-FTG,XL,341,0,5,14.26,0,0,0,MSQLCLG3-FTG_LIONSROYAL_XL
,MSQLCL00,MSQLCLG3-FTG,XS,49,0,5,14.26,0,0,0,MSQLCLG3-FTG_LIONSROYAL_XS
,MSQLCN00,MSQLCNG3-FTG,S,118,10,0,14.26,16.82,16.82,0,MSQLCNG3-FTG_Navy_S
,MSQLCW00,MSQLCWG3-FTG,S,173,10,0,14.26,16.82,16.82,0,MSQLCWG3-FTG_WHITE_S
,MVQSK900,SKG3,XXL,0,0,5,9.26,0,0,0,SKG3_Coral_2XL
,MVQSK900,SKG3,XXXL,6,0,5,9.26,0,0,0,SKG3_Coral_3XL
,MVQSK900,SKG3,L,0,0,5,9.26,0,0,0,SKG3_Coral_L
,MVQSK900,SKG3,M,0,0,5,9.26,0,0,0,SKG3_Coral_M
,MVQSK900,SKG3,S,0,0,5,9.26,0,0,0,SKG3_Coral_S
,MVQSK900,SKG3,XL,0,0,5,9.26,0,0,0,SKG3_Coral_XL
,MVQSK500,SKG3,XXL,0,0,5,9.26,0,0,0,SKG3_Light_Blue_2XL
,MVQSK500,SKG3,XXXL,0,0,5,9.26,0,0,0,SKG3_Light_Blue_3XL
,MVQSK500,SKG3,L,0,0,5,9.26,0,0,0,SKG3_Light_Blue_L
,MVQSK500,SKG3,M,0,0,5,9.26,0,0,0,SKG3_Light_Blue_M
,MVQSK500,SKG3,S,0,0,5,9.26,0,0,0,SKG3_Light_Blue_S
,MVQSK500,SKG3,XL,0,0,5,9.26,0,0,0,SKG3_Light_Blue_XL
,MVQSKZ00,SKG3,XXL,23,0,5,9.26,0,0,0,SKG3_Mint_2XL
,MVQSKZ00,SKG3,XXXL,7,0,5,9.26,0,0,0,SKG3_Mint_3XL
,MVQSKZ00,SKG3,L,0,0,5,9.26,0,0,0,SKG3_Mint_L
,MVQSKZ00,SKG3,M,0,0,5,9.26,0,0,0,SKG3_Mint_M
,MVQSKZ00,SKG3,S,15,0,5,9.26,0,0,0,SKG3_Mint_S
,MVQSKZ00,SKG3,XL,23,0,5,9.26,0,0,0,SKG3_Mint_XL
,MVQSKS00,SKG3,XXL,0,0,5,9.26,0,0,0,SKG3_Silver_2XL
,MVQSKS00,SKG3,XXXL,7,0,5,9.26,0,0,0,SKG3_Silver_3XL
,MVQSKS00,SKG3,L,0,0,5,9.26,0,0,0,SKG3_Silver_L
,MVQSKS00,SKG3,M,0,0,5,9.26,0,0,0,SKG3_Silver_M
,MVQSKS00,SKG3,S,0,0,5,9.26,0,0,0,SKG3_Silver_S
,MVQSKS00,SKG3,XL,0,0,5,9.26,0,0,0,SKG3_Silver_XL
,MVQSKY00,SKG3,XXL,33,0,5,9.26,0,0,0,SKG3_Lemon_2XL
,MVQSKY00,SKG3,XXXL,22,0,5,9.26,0,0,0,SKG3_Lemon_3XL
,MVQSKY00,SKG3,L,25,0,5,9.26,0,0,0,SKG3_Lemon_L
,MVQSKY00,SKG3,M,52,0,5,9.26,0,0,0,SKG3_Lemon_M
,MVQSKY00,SKG3,S,46,0,5,9.26,0,0,0,SKG3_Lemon_S
,MVQSKY00,SKG3,XL,14,0,5,9.26,0,0,0,SKG3_Lemon_XL
,MVQSL900,SLG3,XXL,0,0,5,10.94,0,0,0,SLG3_Coral_2XL
,MVQSL900,SLG3,XXXL,0,0,5,10.94,0,0,0,SLG3_Coral_3XL
,MVQSL900,SLG3,L,0,0,5,10.94,0,0,0,SLG3_Coral_L
,MVQSL900,SLG3,M,0,0,5,10.94,0,0,0,SLG3_Coral_M
,MVQSL900,SLG3,S,0,0,5,10.94,0,0,0,SLG3_Coral_S
,MVQSL900,SLG3,XL,0,0,5,10.94,0,0,0,SLG3_Coral_XL
,MVQSL500,SLG3,XXL,0,0,5,10.94,0,0,0,SLG3_Light_Blue_2XL
,MVQSL500,SLG3,XXXL,0,0,5,10.94,0,0,0,SLG3_Light_Blue_3XL
,MVQSL500,SLG3,L,0,0,5,10.94,0,0,0,SLG3_Light_Blue_L
,MVQSL500,SLG3,M,0,0,5,10.94,0,0,0,SLG3_Light_Blue_M
,MVQSL500,SLG3,S,0,0,5,10.94,0,0,0,SLG3_Light_Blue_S
,MVQSL500,SLG3,XL,0,0,5,10.94,0,0,0,SLG3_Light_Blue_XL
,MVQSLZ00,SLG3,XXL,0,0,5,10.94,0,0,0,SLG3_Mint_2XL
,MVQSLZ00,SLG3,XXXL,0,0,5,10.94,0,0,0,SLG3_Mint_3XL
,MVQSLZ00,SLG3,L,0,0,5,10.94,0,0,0,SLG3_Mint_L
,MVQSLZ00,SLG3,M,0,0,5,10.94,0,0,0,SLG3_Mint_M
,MVQSLZ00,SLG3,S,0,0,5,10.94,0,0,0,SLG3_Mint_S
,MVQSLZ00,SLG3,XL,0,0,5,10.94,0,0,0,SLG3_Mint_XL
,MVQSLS00,SLG3,XXL,0,0,5,10.94,0,0,0,SLG3_Silver_2XL
,MVQSLS00,SLG3,XXXL,0,0,5,10.94,0,0,0,SLG3_Silver_3XL
,MVQSLS00,SLG3,L,0,0,5,10.94,0,0,0,SLG3_Silver_L
,MVQSLS00,SLG3,M,0,0,5,10.94,0,0,0,SLG3_Silver_M
,MVQSLS00,SLG3,S,0,0,5,10.94,0,0,0,SLG3_Silver_S
,MVQSLS00,SLG3,XL,0,0,5,10.94,0,0,0,SLG3_Silver_XL
,MVQSLY00,SLG3,XXL,0,0,5,10.94,0,0,0,SLG3_Yellow_2XL
,MVQSLY00,SLG3,XXXL,0,0,5,10.94,0,0,0,SLG3_Yellow_3XL
,MVQSLY00,SLG3,L,0,0,5,10.94,0,0,0,SLG3_Yellow_L
,MVQSLY00,SLG3,M,0,0,5,10.94,0,0,0,SLG3_Yellow_M
,MVQSLY00,SLG3,S,0,0,5,10.94,0,0,0,SLG3_Yellow_S
,MVQSLY00,SLG3,XL,0,0,5,10.94,0,0,0,SLG3_Yellow_XL
,MVQSM900,SMG3,XXL,0,0,5,18.5,0,0,0,SMG3_Coral_2XL
,MVQSM900,SMG3,XXXL,0,0,5,18.5,0,0,0,SMG3_Coral_3XL
,MVQSM900,SMG3,L,0,0,5,18.5,0,0,0,SMG3_Coral_L
,MVQSM900,SMG3,M,0,0,5,18.5,0,0,0,SMG3_Coral_M
,MVQSM900,SMG3,S,0,0,5,18.5,0,0,0,SMG3_Coral_S
,MVQSM900,SMG3,XL,0,0,5,18.5,0,0,0,SMG3_Coral_XL
,MVQSM500,SMG3,XXL,0,0,5,18.5,0,0,0,SMG3_Light_Blue_2XL
,MVQSM500,SMG3,XXXL,0,0,5,18.5,0,0,0,SMG3_Light_Blue_3XL
,MVQSM500,SMG3,L,0,0,5,18.5,0,0,0,SMG3_Light_Blue_L
,MVQSM500,SMG3,M,0,0,5,18.5,0,0,0,SMG3_Light_Blue_M
,MVQSM500,SMG3,S,0,0,5,18.5,0,0,0,SMG3_Light_Blue_S
,MVQSM500,SMG3,XL,0,0,5,18.5,0,0,0,SMG3_Light_Blue_XL
,MVQSMZ00,SMG3,XXL,0,0,5,18.5,0,0,0,SMG3_Mint_2XL
,MVQSMZ00,SMG3,XXXL,0,0,5,18.5,0,0,0,SMG3_Mint_3XL
,MVQSMZ00,SMG3,L,0,0,5,18.5,0,0,0,SMG3_Mint_L
,MVQSMZ00,SMG3,M,0,0,5,18.5,0,0,0,SMG3_Mint_M
,MVQSMZ00,SMG3,S,0,0,5,18.5,0,0,0,SMG3_Mint_S
,MVQSMZ00,SMG3,XL,0,0,5,18.5,0,0,0,SMG3_Mint_XL
,MVQSMS00,SMG3,XXL,0,0,5,18.5,0,0,0,SMG3_Silver_2XL
,MVQSMS00,SMG3,XXXL,0,0,5,18.5,0,0,0,SMG3_Silver_3XL
,MVQSMS00,SMG3,L,0,0,5,18.5,0,0,0,SMG3_Silver_L
,MVQSMS00,SMG3,M,0,0,5,18.5,0,0,0,SMG3_Silver_M
,MVQSMS00,SMG3,S,0,0,5,18.5,0,0,0,SMG3_Silver_S
,MVQSMS00,SMG3,XL,0,0,5,18.5,0,0,0,SMG3_Silver_XL
,MVQSMY00,SMG3,XXL,0,0,5,18.5,0,0,0,SMG3_Yellow_2XL
,MVQSMY00,SMG3,XXXL,0,0,5,18.5,0,0,0,SMG3_Yellow_3XL
,MVQSMY00,SMG3,L,0,0,5,18.5,0,0,0,SMG3_Yellow_L
,MVQSMY00,SMG3,M,0,0,5,18.5,0,0,0,SMG3_Yellow_M
,MVQSMY00,SMG3,S,0,0,5,18.5,0,0,0,SMG3_Yellow_S
,MVQSMY00,SMG3,XL,0,0,5,18.5,0,0,0,SMG3_Yellow_XL
,MVQSN900,SNG3,XXL,0,0,5,16.26,0,0,0,SNG3_Coral_2XL
,MVQSN900,SNG3,XXXL,0,0,5,16.26,0,0,0,SNG3_Coral_3XL
,MVQSN900,SNG3,L,0,0,5,16.26,0,0,0,SNG3_Coral_L
,MVQSN900,SNG3,M,0,0,5,16.26,0,0,0,SNG3_Coral_M
,MVQSN900,SNG3,S,0,0,5,16.26,0,0,0,SNG3_Coral_S
,MVQSN900,SNG3,XL,0,0,5,16.26,0,0,0,SNG3_Coral_XL
,MVQSN500,SNG3,XXL,0,0,5,16.26,0,0,0,SNG3_Light_Blue_2XL
,MVQSN500,SNG3,XXXL,0,0,5,16.26,0,0,0,SNG3_Light_Blue_3XL
,MVQSN500,SNG3,L,0,0,5,16.26,0,0,0,SNG3_Light_Blue_L
,MVQSN500,SNG3,M,0,0,5,16.26,0,0,0,SNG3_Light_Blue_M
,MVQSN500,SNG3,S,0,0,5,16.26,0,0,0,SNG3_Light_Blue_S
,MVQSN500,SNG3,XL,0,0,5,16.26,0,0,0,SNG3_Light_Blue_XL
,MVQSNZ00,SNG3,XXL,0,0,5,16.26,0,0,0,SNG3_Mint_2XL
,MVQSNZ00,SNG3,XXXL,0,0,5,16.26,0,0,0,SNG3_Mint_3XL
,MVQSNZ00,SNG3,L,0,0,5,16.26,0,0,0,SNG3_Mint_L
,MVQSNZ00,SNG3,M,0,0,5,16.26,0,0,0,SNG3_Mint_M
,MVQSNZ00,SNG3,S,0,0,5,16.26,0,0,0,SNG3_Mint_S
,MVQSNZ00,SNG3,XL,0,0,5,16.26,0,0,0,SNG3_Mint_XL
,MVQSNS00,SNG3,XXL,0,0,5,16.26,0,0,0,SNG3_Silver_2XL
,MVQSNS00,SNG3,XXXL,0,0,5,16.26,0,0,0,SNG3_Silver_3XL
,MVQSNS00,SNG3,L,0,0,5,16.26,0,0,0,SNG3_Silver_L
,MVQSNS00,SNG3,M,0,0,5,16.26,0,0,0,SNG3_Silver_M
,MVQSNS00,SNG3,S,0,0,5,16.26,0,0,0,SNG3_Silver_S
,MVQSNS00,SNG3,XL,0,0,5,16.26,0,0,0,SNG3_Silver_XL
,MVQSNY00,SNG3,XXL,0,0,5,16.26,0,0,0,SNG3_Yellow_2XL
,MVQSNY00,SNG3,XXXL,0,0,5,16.26,0,0,0,SNG3_Yellow_3XL
,MVQSNY00,SNG3,L,0,0,5,16.26,0,0,0,SNG3_Yellow_L
,MVQSNY00,SNG3,M,0,0,5,16.26,0,0,0,SNG3_Yellow_M
,MVQSNY00,SNG3,S,0,0,5,16.26,0,0,0,SNG3_Yellow_S
,MVQSNY00,SNG3,XL,0,0,5,16.26,0,0,0,SNG3_Yellow_XL
,MSQVJB00,VJG3-FTG,XXL,41,0,2,34,0,0,37,MSQVJBG3-FTG_BLACK_2XL
,MSQVJB00,VJG3-FTG,L,54,0,2,34,0,0,37,MSQVJBG3-FTG_BLACK_L
,MSQVJB00,VJG3-FTG,M,76,0,2,34,0,0,37,MSQVJBG3-FTG_BLACK_M
,MSQVJB00,VJG3-FTG,S,56,0,5,34,0,0,37,MSQVJBG3-FTG_BLACK_S
,MSQVJB00,VJG3-FTG,XL,58,0,2,34,0,0,37,MSQVJBG3-FTG_BLACK_XL
,MSQVJC00,VJG3-FTG,XXL,30,0,2,34,0,0,37,MSQVJCG3-FTG_GREY_2XL
,MSQVJC00,VJG3-FTG,L,54,0,2,34,0,0,37,MSQVJCG3-FTG_GREY_L
,MSQVJC00,VJG3-FTG,M,39,0,2,34,0,0,37,MSQVJCG3-FTG_GREY_M
,MSQVJC00,VJG3-FTG,S,27,0,2,34,0,0,37,MSQVJCG3-FTG_GREY_S
,MSQVJC00,VJG3-FTG,XL,67,0,2,34,0,0,37,MSQVJCG3-FTG_GREY_XL
,MSQVJN00,VJG3-FTG,XXL,46,0,2,34,0,0,37,MSQVJNG3-FTG_NAVY_2XL
,MSQVJN00,VJG3-FTG,L,65,0,2,34,0,0,37,MSQVJNG3-FTG_NAVY_L
,MSQVJN00,VJG3-FTG,M,38,0,2,34,0,0,37,MSQVJNG3-FTG_NAVY_M
,MSQVJN00,VJG3-FTG,S,37,0,2,34,0,0,37,MSQVJNG3-FTG_NAVY_S
,MSQVJN00,VJG3-FTG,XL,71,0,2,34,0,0,37,MSQVJNG3-FTG_NAVY_XL
,MSQVJR00,VJG3-FTG,XXL,31,0,2,34,0,0,37,MSQVJRG3-FTG_RED_2XL
,MSQVJR00,VJG3-FTG,L,49,0,2,34,0,0,37,MSQVJRG3-FTG_RED_L
,MSQVJR00,VJG3-FTG,M,18,0,2,34,0,0,37,MSQVJRG3-FTG_RED_M
,MSQVJR00,VJG3-FTG,S,17,0,2,34,0,0,37,MSQVJRG3-FTG_RED_S
,MSQVJR00,VJG3-FTG,XL,56,0,2,34,0,0,37,MSQVJRG3-FTG_RED_XL
,WSQBCW00,6400-FTG,S,76,6,0,9,0,0,0,6400-FTG_WHITE_S
,WSQBCW00,6400-FTG,M,213,6,0,9,0,0,0,6400-FTG_WHITE_M
,WSQBCW00,6400-FTG,L,73,6,0,9,0,0,0,6400-FTG_WHITE_L
,WSQBCW00,6400-FTG,XL,103,6,0,9,0,0,0,6400-FTG_WHITE_XL
,WSQBCW00,6400-FTG,XXL,51,6,0,10.59,0,0,0,6400-FTG_WHITE_2XL
,WSQBRC00,6400-FTG,S,21,0,5,9.1,0,0,0,6400-FTG_ATHLETIC_HEATHER_S
,WSQBRC00,6400-FTG,M,28,0,5,9.1,0,0,0,6400-FTG_ATHLETIC_HEATHER_M
,WSQBRC00,6400-FTG,L,25,0,5,9.1,0,0,0,6400-FTG_ATHLETIC_HEATHER_L
,WSQBRC00,6400-FTG,XL,25,0,5,9.1,0,0,0,6400-FTG_ATHLETIC_HEATHER_XL
,WSQBRC00,6400-FTG,XXL,22,0,5,10.59,0,0,0,6400-FTG_ATHLETIC_HEATHER_2XL
,WSQBCB00,6400-FTG,S,18,0,5,9,0,0,0,6400-FTG_BLACK_S
,WSQBCB00,6400-FTG,M,9,0,5,9,0,0,0,6400-FTG_BLACK_M
,WSQBCB00,6400-FTG,L,26,0,5,9,0,0,0,6400-FTG_BLACK_L
,WSQBCB00,6400-FTG,XL,26,0,5,9,0,0,0,6400-FTG_BLACK_XL
,WSQBCB00,6400-FTG,XXL,7,0,5,10.59,0,0,0,6400-FTG_BLACK_2XL
,WSQBCN00,6400-FTG,S,22,0,5,9,0,0,0,6400-FTG_NAVY_S
,WSQBCN00,6400-FTG,M,0,0,5,9,0,0,0,6400-FTG_NAVY_M
,WSQBCN00,6400-FTG,L,0,0,5,9,0,0,0,6400-FTG_NAVY_L
,WSQBCN00,6400-FTG,XL,13,0,5,9,0,0,0,6400-FTG_NAVY_XL
,WSQBCN00,6400-FTG,XXL,0,0,5,10.59,0,0,0,6400-FTG_NAVY_2XL
,WSQBCR00,6400-FTG,S,6,6,0,9,0,0,0,6400-FTG_RED_S
,WSQBCR00,6400-FTG,M,6,6,0,9,0,0,0,6400-FTG_RED_M
,WSQBCR00,6400-FTG,L,6,6,0,9,0,0,0,6400-FTG_RED_L
,WSQBCR00,6400-FTG,XL,6,6,0,9,0,0,0,6400-FTG_RED_XL
,WSQBCR00,6400-FTG,XXL,18,6,0,10.59,0,0,0,6400-FTG_RED_2XL
,WSQBCA00,6400-FTG,S,22,0,5,9,0,0,0,6400-FTG_TRUE_ROYAL_S
,WSQBCA00,6400-FTG,M,6,0,5,9,0,0,0,6400-FTG_TRUE_ROYAL_M
,WSQBCA00,6400-FTG,L,15,0,5,9,0,0,0,6400-FTG_TRUE_ROYAL_L
,WSQBCA00,6400-FTG,XL,6,0,5,9,0,0,0,6400-FTG_TRUE_ROYAL_XL
,WSQBCA00,6400-FTG,XXL,0,0,5,10.59,0,0,0,6400-FTG_TRUE_ROYAL_2XL
,WSQBCP00,6400-FTG,S,11,0,5,9,0,0,0,6400-FTG_TEAM_PURPLE_S
,WSQBCP00,6400-FTG,M,11,0,5,9,0,0,0,6400-FTG_TEAM_PURPLE_M
,WSQBCP00,6400-FTG,L,6,0,5,9,0,0,0,6400-FTG_TEAM_PURPLE_L
,WSQBCP00,6400-FTG,XL,9,0,5,9,0,0,0,6400-FTG_TEAM_PURPLE_XL
,WSQBCP00,6400-FTG,XXL,12,0,5,10.59,0,0,0,6400-FTG_TEAM_PURPLE_2XL
,WSQBCF00,6400-FTG,S,11,0,5,9,0,0,0,6400-FTG_MILITARY_GREEN_S
,WSQBCF00,6400-FTG,M,0,0,5,9,0,0,0,6400-FTG_MILITARY_GREEN_M
,WSQBCF00,6400-FTG,L,0,0,5,9,0,0,0,6400-FTG_MILITARY_GREEN_L
,WSQBCF00,6400-FTG,XL,6,0,5,9,0,0,0,6400-FTG_MILITARY_GREEN_XL
,WSQBCF00,6400-FTG,XXL,0,0,5,10.59,0,0,0,6400-FTG_MILITARY_GREEN_2XL
,WSQBCK00,6400-FTG,S,0,0,5,9,0,0,0,6400-FTG_KELLY_GREEN_S
,WSQBCK00,6400-FTG,M,0,0,5,9,0,0,0,6400-FTG_KELLY_GREEN_M
,WSQBCK00,6400-FTG,L,0,0,5,9,0,0,0,6400-FTG_KELLY_GREEN_L
,WSQBCK00,6400-FTG,XL,0,0,5,9,0,0,0,6400-FTG_KELLY_GREEN_XL
,WSQBCK00,6400-FTG,XXL,0,0,5,10.59,0,0,0,6400-FTG_KELLY_GREEN_2XL
,WSQBVW00,6405-FTG,S,12,0,5,10,0,0,0,6405-FTG_WHITE_S
,WSQBVW00,6405-FTG,M,13,0,5,10,0,0,0,6405-FTG_WHITE_M
,WSQBVW00,6405-FTG,L,14,0,5,10,0,0,0,6405-FTG_WHITE_L
,WSQBVW00,6405-FTG,XL,14,0,5,10,0,0,0,6405-FTG_WHITE_XL
,WSQBVW00,6405-FTG,XXL,15,0,5,11.6,0,0,0,6405-FTG_WHITE_2XL
,WSQBXC00,6405-FTG,S,0,0,5,10.14,0,0,0,6405-FTG_ATHLETIC_HEATHER_S
,WSQBXC00,6405-FTG,M,26,0,5,10.14,0,0,0,6405-FTG_ATHLETIC_HEATHER_M
,WSQBXC00,6405-FTG,L,0,0,5,10.14,0,0,0,6405-FTG_ATHLETIC_HEATHER_L
,WSQBXC00,6405-FTG,XL,17,0,5,10.14,0,0,0,6405-FTG_ATHLETIC_HEATHER_XL
,WSQBXC00,6405-FTG,XXL,17,0,5,11.73,0,0,0,6405-FTG_ATHLETIC_HEATHER_2XL
,WSQBVB00,6405-FTG,S,56,0,5,10,0,0,0,6405-FTG_BLACK_S
,WSQBVB00,6405-FTG,M,17,0,5,10,0,0,0,6405-FTG_BLACK_M
,WSQBVB00,6405-FTG,L,20,0,5,10,0,0,0,6405-FTG_BLACK_L
,WSQBVB00,6405-FTG,XL,0,0,5,10,0,0,0,6405-FTG_BLACK_XL
,WSQBVB00,6405-FTG,XXL,0,0,5,11.6,0,0,0,6405-FTG_BLACK_2XL
,WSQBVN00,6405-FTG,S,27,0,5,10,0,0,0,6405-FTG_NAVY_S
,WSQBVN00,6405-FTG,M,29,0,5,10,0,0,0,6405-FTG_NAVY_M
,WSQBVN00,6405-FTG,L,13,0,5,10,0,0,0,6405-FTG_NAVY_L
,WSQBVN00,6405-FTG,XL,0,0,5,10,0,0,0,6405-FTG_NAVY_XL
,WSQBVN00,6405-FTG,XXL,8,0,5,11.6,0,0,0,6405-FTG_NAVY_2XL
,WSQBVR00,6405-FTG,S,14,6,0,10,0,0,0,6405-FTG_RED_S
,WSQBVR00,6405-FTG,M,22,6,0,10,0,0,0,6405-FTG_RED_M
,WSQBVR00,6405-FTG,L,20,6,0,10,0,0,0,6405-FTG_RED_L
,WSQBVR00,6405-FTG,XL,6,6,0,10,0,0,0,6405-FTG_RED_XL
,WSQBVR00,6405-FTG,XXL,6,6,0,11.6,0,0,0,6405-FTG_RED_2XL
,WSQBVA00,6405-FTG,S,27,0,5,10,0,0,0,6405-FTG_TRUE_ROYAL_S
,WSQBVA00,6405-FTG,M,22,0,5,10,0,0,0,6405-FTG_TRUE_ROYAL_M
,WSQBVA00,6405-FTG,L,10,0,5,10,0,0,0,6405-FTG_TRUE_ROYAL_L
,WSQBVA00,6405-FTG,XL,0,0,5,10,0,0,0,6405-FTG_TRUE_ROYAL_XL
,WSQBVA00,6405-FTG,XXL,0,0,5,11.6,0,0,0,6405-FTG_TRUE_ROYAL_2XL
,WSQBVP00,6405-FTG,S,0,0,5,10,0,0,0,6405-FTG_TEAM_PURPLE_S
,WSQBVP00,6405-FTG,M,0,0,5,10,0,0,0,6405-FTG_TEAM_PURPLE_M
,WSQBVP00,6405-FTG,L,7,0,5,10,0,0,0,6405-FTG_TEAM_PURPLE_L
,WSQBVP00,6405-FTG,XL,10,0,5,10,0,0,0,6405-FTG_TEAM_PURPLE_XL
,WSQBVP00,6405-FTG,XXL,12,0,5,11.6,0,0,0,6405-FTG_TEAM_PURPLE_2XL
,WSQBVF00,6405-FTG,S,0,0,5,10,0,0,0,6405-FTG_MILITARY_GREEN_S
,WSQBVF00,6405-FTG,M,0,0,5,10,0,0,0,6405-FTG_MILITARY_GREEN_M
,WSQBVF00,6405-FTG,L,0,0,5,10,0,0,0,6405-FTG_MILITARY_GREEN_L
,WSQBVF00,6405-FTG,XL,0,0,5,10,0,0,0,6405-FTG_MILITARY_GREEN_XL
,WSQBVF00,6405-FTG,XXL,15,0,5,11.6,0,0,0,6405-FTG_MILITARY_GREEN_2XL
,WSQBVK00,6405-FTG,S,15,0,5,10,0,0,0,6405-FTG_KELLY_GREEN_S
,WSQBVK00,6405-FTG,M,15,0,5,10,0,0,0,6405-FTG_KELLY_GREEN_M
,WSQBVK00,6405-FTG,L,15,0,5,10,0,0,0,6405-FTG_KELLY_GREEN_L
,WSQBVK00,6405-FTG,XL,15,0,5,10,0,0,0,6405-FTG_KELLY_GREEN_XL
,WSQBVK00,6405-FTG,XXL,15,0,5,11.6,0,0,0,6405-FTG_KELLY_GREEN_2XL
,WSQLAW00,MSQLAWG3-FTG,XS,98,0,0,16.5,19.35,19.35,0,MSQLAWG3-FTG_White_XS
,WSQLAW00,MSQLAWG3-FTG,S,273,0,0,16.5,19.35,19.35,0,MSQLAWG3-FTG_White_S
,WSQLAW00,MSQLAWG3-FTG,M,1181,0,0,16.5,19.35,19.35,0,MSQLAWG3-FTG_White_M
,WSQLAW00,MSQLAWG3-FTG,L,1424,0,0,16.5,19.35,19.35,0,MSQLAWG3-FTG_White_L
,WSQLAW00,MSQLAWG3-FTG,XL,1050,0,0,16.5,19.35,19.35,0,MSQLAWG3-FTG_White_XL
,WSQLAW00,LS14001-FTG,XXL,532,0,0,16.5,20.65,20.65,0,MSQLAWG3-FTG_White_2XL
,WSQLAC00,MSQLACG3-FTG,XS,150,10,0,16.5,19.35,19.35,0,MSQLACG3-FTG_Heather_Grey_XS
,WSQLAC00,MSQLACG3-FTG,S,485,10,0,16.5,19.35,19.35,0,MSQLACG3-FTG_Heather_Grey_S
,WSQLAC00,MSQLACG3-FTG,M,1942,10,0,16.5,19.35,19.35,0,MSQLACG3-FTG_Heather_Grey_M
,WSQLAC00,MSQLACG3-FTG,L,2245,10,0,16.5,19.35,19.35,0,MSQLACG3-FTG_Heather_Grey_L
,WSQLAC00,MSQLACG3-FTG,XL,1740,10,0,16.5,19.35,19.35,0,MSQLACG3-FTG_Heather_Grey_XL
,WSQLAC00,LS14001-FTG,XXL,1120,10,0,16.5,20.65,20.65,0,MSQLACG3-FTG_Heather_Grey_2XL
,WSQLAB00,MSQLABG3-FTG,XS,250,10,0,16.5,19.35,19.35,0,MSQLABG3-FTG_Black_XS
,WSQLAB00,MSQLABG3-FTG,S,907,10,0,16.5,19.35,19.35,0,MSQLABG3-FTG_Black_S
,WSQLAB00,MSQLABG3-FTG,M,3114,10,0,16.5,19.35,19.35,0,MSQLABG3-FTG_Black_M
,WSQLAB00,MSQLABG3-FTG,L,3729,10,0,16.5,19.35,19.35,0,MSQLABG3-FTG_Black_L
,WSQLAB00,MSQLABG3-FTG,XL,2722,10,0,16.5,19.35,19.35,0,MSQLABG3-FTG_Black_XL
,WSQLAB00,MSQLABG3-FTG,XXL,1523,10,0,16.5,20.65,20.65,0,MSQLABG3-FTG_Black_2XL
,WSQLAN00,MSQLANG3-FTG,XS,25,10,0,16.5,19.35,19.35,0,MSQLANG3-FTG_Navy_XS
,WSQLAN00,MSQLANG3-FTG,S,40,10,0,16.5,19.35,19.35,0,MSQLANG3-FTG_Navy_S
,WSQLAN00,MSQLANG3-FTG,M,154,10,0,16.5,19.35,19.35,0,MSQLANG3-FTG_Navy_M
,WSQLAN00,MSQLANG3-FTG,L,101,10,0,16.5,19.35,19.35,0,MSQLANG3-FTG_Navy_L
,WSQLAN00,MSQLANG3-FTG,XL,30,10,0,16.5,19.35,19.35,0,MSQLANG3-FTG_Navy_XL
,WSQLAN00,MSQLANG3-FTG,XXL,24,10,0,16.5,20.65,20.65,0,MSQLANG3-FTG_Navy_2XL
,WSQLAR00,MSQLARG3-FTG,XS,24,0,5,16.5,19.35,19.35,0,MSQLARG3-FTG_Red_XS
,WSQLAR00,LS14001-FTG,S,159,0,5,16.5,19.35,19.35,0,MSQLARG3-FTG_Red_S
,WSQLAR00,LS14001-FTG,M,305,0,5,16.5,19.35,19.35,0,MSQLARG3-FTG_Red_M
,WSQLAR00,MSQLARG3-FTG,L,397,0,5,16.5,19.35,19.35,0,MSQLARG3-FTG_Red_L
,WSQLAR00,MSQLARG3-FTG,XL,282,0,5,16.5,19.35,19.35,0,MSQLARG3-FTG_Red_XL
,WSQLAR00,MSQLARG3-FTG,XXL,165,0,5,16.5,20.65,20.65,0,MSQLARG3-FTG_Red_2XL
,WSQLAA00,MSQLALG3-FTG,XS,48,0,5,16.5,19.35,19.35,0,MSQLALG3-FTG_LIONSROYAL_XS
,WSQLAA00,MSQLALG3-FTG,S,95,0,5,16.5,19.35,19.35,0,MSQLALG3-FTG_LIONSROYAL_S
,WSQLAA00,MSQLALG3-FTG,M,325,0,5,16.5,19.35,19.35,0,MSQLALG3-FTG_LIONSROYAL_M
,WSQLAA00,MSQLALG3-FTG,L,457,0,5,16.5,19.35,19.35,0,MSQLALG3-FTG_LIONSROYAL_L
,WSQLAA00,MSQLALG3-FTG,XL,313,0,5,16.5,19.35,19.35,0,MSQLALG3-FTG_LIONSROYAL_XL
,WSQLAA00,MSQLALG3-FTG,XXL,239,0,5,16.5,20.65,20.65,0,MSQLALG3-FTG_LIONSROYAL_2XL
,WSQLAF00,MSQLAKG3-FTG,XS,47,0,5,16.5,19.35,19.35,0,MSQLAKG3-FTG_KELLYGREEN_XS
,WSQLAF00,MSQLAKG3-FTG,S,43,0,5,16.5,19.35,19.35,0,MSQLAKG3-FTG_KELLYGREEN_S
,WSQLAF00,MSQLAKG3-FTG,M,249,0,5,16.5,19.35,19.35,0,MSQLAKG3-FTG_KELLYGREEN_M
,WSQLAF00,MSQLAKG3-FTG,L,278,0,5,16.5,19.35,19.35,0,MSQLAKG3-FTG_KELLYGREEN_L
,WSQLAF00,MSQLAKG3-FTG,XL,202,0,5,16.5,19.35,19.35,0,MSQLAKG3-FTG_KELLYGREEN_XL
,WSQLAF00,MSQLAKG3-FTG,XXL,106,0,5,16.5,20.65,20.65,0,MSQLAKG3-FTG_KELLYGREEN_2XL
,WSQLAP00,LS14001-FTG,XS,0,0,5,19.35,19.35,19.35,0,LS14001-FTG_Purple_XS
,WSQLAP00,LS14001-FTG,S,0,0,5,19.35,19.35,19.35,0,LS14001-FTG_Purple_S
,WSQLAP00,LS14001-FTG,M,0,0,5,19.35,19.35,19.35,0,LS14001-FTG_Purple_M
,WSQLAP00,LS14001-FTG,L,0,0,5,19.35,19.35,19.35,0,LS14001-FTG_Purple_L
,WSQLAP00,LS14001-FTG,XL,0,0,5,19.35,19.35,19.35,0,LS14001-FTG_Purple_XL
,WSQLAP00,LS14001-FTG,XXL,0,0,5,20.65,20.65,20.65,0,LS14001-FTG_Purple_2XL
,WSQLCW00,MSQLCWG3-FTG,XS,90,10,0,14.26,16.82,16.82,0,MSQLCWG3-FTG_WHITE_XS
,WSQLCW00,LS14004-FTG,S,173,10,0,14.26,16.82,16.82,0,MSQLCWG3-FTG_WHITE_S
,WSQLCW00,MSQLCWG3-FTG,M,250,10,0,14.26,16.82,16.82,0,MSQLCWG3-FTG_WHITE_M
,WSQLCW00,MSQLCWG3-FTG,L,714,10,0,14.26,16.82,16.82,0,MSQLCWG3-FTG_WHITE_L
,WSQLCW00,MSQLCWG3-FTG,XL,596,10,0,14.26,16.82,16.82,0,MSQLCWG3-FTG_WHITE_XL
,WSQLCW00,MSQLCWG3-FTG,XXL,359,10,0,14.26,17.5,17.5,0,MSQLCWG3-FTG_WHITE_2XL
,WSQLCC00,MSQLCCG3-FTG,XS,397,10,0,14.26,16.82,16.82,0,MSQLCCG3-FTG_HEATHER_GREY_XS
,WSQLCC00,MSQLCCG3-FTG,S,475,10,0,14.26,16.82,16.82,0,MSQLCCG3-FTG_HEATHER_GREY_S
,WSQLCC00,MSQLCCG3-FTG,M,1212,10,0,14.26,16.82,16.82,0,MSQLCCG3-FTG_HEATHER_GREY_M
,WSQLCC00,MSQLCCG3-FTG,L,1508,10,0,14.26,16.82,16.82,0,MSQLCCG3-FTG_HEATHER_GREY_L
,WSQLCC00,MSQLCCG3-FTG,XL,1117,10,0,14.26,16.82,16.82,0,MSQLCCG3-FTG_HEATHER_GREY_XL
,WSQLCC00,MSQLCCG3-FTG,XXL,995,10,0,14.26,17.5,17.5,0,MSQLCCG3-FTG_HEATHER_GREY_2XL
,WSQLCB00,MSQLCBG3-FTG,XS,150,10,0,14.26,16.82,16.82,0,MSQLCBG3-FTG_BLACK_XS
,WSQLCB00,MSQLCBG3-FTG,S,491,10,0,14.26,16.82,16.82,0,MSQLCBG3-FTG_BLACK_S
,WSQLCB00,MSQLCBG3-FTG,M,1204,10,0,14.26,16.82,16.82,0,MSQLCBG3-FTG_BLACK_M
,WSQLCB00,MSQLCBG3-FTG,L,1463,10,0,14.26,16.82,16.82,0,MSQLCBG3-FTG_BLACK_L
,WSQLCB00,MSQLCBG3-FTG,XL,1291,10,0,14.26,16.82,16.82,0,MSQLCBG3-FTG_BLACK_XL
,WSQLCB00,MSQLCBG3-FTG,XXL,691,10,0,14.26,17.5,17.5,0,MSQLCBG3-FTG_BLACK_2XL
,WSQLCN00,MSQLCNG3-FTG,XS,25,10,0,14.26,16.82,16.82,0,MSQLCNG3-FTG_NAVY_XS
,WSQLCN00,LS14004-FTG,S,118,10,0,14.26,16.82,16.82,0,MSQLCNG3-FTG_NAVY_S
,WSQLCN00,LS14004-FTG,M,183,10,0,14.26,16.82,16.82,0,MSQLCNG3-FTG_NAVY_M
,WSQLCN00,MSQLCNG3-FTG,L,182,10,0,14.26,16.82,16.82,0,MSQLCNG3-FTG_NAVY_L
,WSQLCN00,MSQLCNG3-FTG,XL,85,10,0,14.26,16.82,16.82,0,MSQLCNG3-FTG_NAVY_XL
,WSQLCN00,MSQLCNG3-FTG,XXL,23,10,0,14.26,17.5,17.5,0,MSQLCNG3-FTG_NAVY_2XL
,WSQLCA00,MSQLCLG3-FTG,XS,49,0,5,14.26,16.82,16.82,0,MSQLCLG3-FTG_LIONSROYAL_XS
,WSQLCA00,MSQLCLG3-FTG,S,103,0,5,14.26,16.82,16.82,0,MSQLCLG3-FTG_LIONSROYAL_S
,WSQLCA00,MSQLCLG3-FTG,M,285,0,5,14.26,16.82,16.82,0,MSQLCLG3-FTG_LIONSROYAL_M
,WSQLCA00,MSQLCLG3-FTG,L,422,0,5,14.26,16.82,16.82,0,MSQLCLG3-FTG_LIONSROYAL_L
,WSQLCA00,MSQLCLG3-FTG,XL,341,0,5,14.26,16.82,16.82,0,MSQLCLG3-FTG_LIONSROYAL_XL
,WSQLCA00,MSQLCLG3-FTG,XXL,187,0,5,14.26,17.5,17.5,0,MSQLCLG3-FTG_LIONSROYAL_2XL
,MVQSKL00,SKG3,S,23,0,5,9.26,0,0,0,SKG3_Blue Mist_S
,MVQSKL00,SKG3,M,38,0,5,9.26,0,0,0,SKG3_Blue Mist_M
,MVQSKL00,SKG3,L,71,0,5,9.26,0,0,0,SKG3_Blue Mist_L
,MVQSKL00,SKG3,XL,60,0,5,9.26,0,0,0,SKG3_Blue Mist_XL
,MVQSKL00,SKG3,XXL,34,0,5,9.26,0,0,0,SKG3_Blue Mist_2XL
,MVQSKL00,SKG3,XXXL,10,0,5,9.26,0,0,0,SKG3_Blue Mist_3XL
,MVQSKJ00,SKG3,S,24,0,5,9.26,0,0,0,SKG3_Mango_S
,MVQSKJ00,SKG3,M,40,0,5,9.26,0,0,0,SKG3_Mango_M
,MVQSKJ00,SKG3,L,81,0,5,9.26,0,0,0,SKG3_Mango_L
,MVQSKJ00,SKG3,XL,57,0,5,9.26,0,0,0,SKG3_Mango_XL
,MVQSKJ00,SKG3,XXL,34,0,5,9.26,0,0,0,SKG3_Mango_2XL
,MVQSKJ00,SKG3,XXXL,10,0,5,9.26,0,0,0,SKG3_Mango_3XL
,MVQSKQ00,SKG3,S,14,0,5,9.26,0,0,0,SKG3_Sea Glass_S
,MVQSKQ00,SKG3,M,71,0,5,9.26,0,0,0,SKG3_Sea Glass_M
,MVQSKQ00,SKG3,L,52,0,5,9.26,0,0,0,SKG3_Sea Glass_L
,MVQSKQ00,SKG3,XL,32,0,5,9.26,0,0,0,SKG3_Sea Glass_XL
,MVQSKQ00,SKG3,XXL,11,0,5,9.26,0,0,0,SKG3_Sea Glass_2XL
,MVQSKQ00,SKG3,XXXL,50,0,5,9.26,0,0,0,SKG3_Sea Glass_3XL
,MVQSKI00,SKG3,S,17,0,5,9.26,0,0,0,SKG3_Vanilla_S
,MVQSKI00,SKG3,M,31,0,5,9.26,0,0,0,SKG3_Vanilla_M
,MVQSKI00,SKG3,L,59,0,5,9.26,0,0,0,SKG3_Vanilla_L
,MVQSKI00,SKG3,XL,0,0,5,9.26,0,0,0,SKG3_Vanilla_XL
,MVQSKI00,SKG3,XXL,9,0,5,9.26,0,0,0,SKG3_Vanilla_2XL
,MVQSKI00,SKG3,XXXL,10,0,5,9.26,0,0,0,SKG3_Vanilla_3XL
,MVQSLQ00,SLG3,S,19,0,5,10.94,0,0,0,SLG3_Sea Glass_S
,MVQSLQ00,SLG3,M,29,0,5,10.94,0,0,0,SLG3_Sea Glass_M
,MVQSLQ00,SLG3,L,60,0,5,10.94,0,0,0,SLG3_Sea Glass_L
,MVQSLQ00,SLG3,XL,0,0,5,10.94,0,0,0,SLG3_Sea Glass_XL
,MVQSLQ00,SLG3,XXL,0,0,5,10.94,0,0,0,SLG3_Sea Glass_2XL
,MVQSLQ00,SLG3,XXXL,10,0,5,10.94,0,0,0,SLG3_Sea Glass_3XL
,MVQSMI00,SMG3,S,22,0,5,16.26,0,0,0,SMG3_Vanilla_S
,MVQSMI00,SMG3,M,30,0,5,16.26,0,0,0,SMG3_Vanilla_M
,MVQSMI00,SMG3,L,83,0,5,16.26,0,0,0,SMG3_Vanilla_L
,MVQSMI00,SMG3,XL,58,0,5,16.26,0,0,0,SMG3_Vanilla_XL
,MVQSMI00,SMG3,XXL,37,0,5,16.26,0,0,0,SMG3_Vanilla_2XL
,MVQSMI00,SMG3,XXXL,20,0,5,16.26,0,0,0,SMG3_Vanilla_3XL
,MVQSNJ00,SNG3,S,22,0,5,18.5,0,0,0,SNG3_Mango_S
,MVQSNJ00,SNG3,M,34,0,5,18.5,0,0,0,SNG3_Mango_M
,MVQSNJ00,SNG3,L,65,0,5,18.5,0,0,0,SNG3_Mango_L
,MVQSNJ00,SNG3,XL,39,0,5,18.5,0,0,0,SNG3_Mango_XL
,MVQSNJ00,SNG3,XXL,33,0,5,18.5,0,0,0,SNG3_Mango_2XL
,MVQSNJ00,SNG3,XXXL,10,0,5,18.5,0,0,0,SNG3_Mango_3XL
,MSQVJA00,VJG3-FTG,S,13,0,5,34,0,0,37,MSQVJAG3-FTG_ROYAL_S
,MSQVJA00,VJG3-FTG,M,0,0,5,34,0,0,37,MSQVJAG3-FTG_ROYAL_M
,MSQVJA00,VJG3-FTG,L,46,0,5,34,0,0,37,MSQVJAG3-FTG_ROYAL_L
,MSQVJA00,VJG3-FTG,XL,42,0,5,34,0,0,37,MSQVJAG3-FTG_ROYAL_XL
,MSQVJA00,VJG3-FTG,XXL,0,0,5,34,0,0,37,MSQVJAG3-FTG_ROYAL_2XL
,MAQSSW00,MAQSSWG3-FTG,XS,0,0,0,10.48,0,0,0,MAQSSWG3-FTG_White_XS
,MAQSSW00,MAQSSWG3-FTG,S,36,0,0,10.48,0,0,0,MAQSSWG3-FTG_White_S
,MAQSSW00,MAQSSWG3-FTG,M,36,0,0,10.48,0,0,0,MAQSSWG3-FTG_White_M
,MAQSSW00,MAQSSWG3-FTG,L,36,0,0,10.48,0,0,0,MAQSSWG3-FTG_White_L
,MAQSSW00,MAQSSWG3-FTG,XL,36,0,0,10.48,0,0,0,MAQSSWG3-FTG_White_XL
,MAQSSW00,MAQSSWG3-FTG,XXL,36,0,0,10.48,0,0,0,MAQSSWG3-FTG_White_2XL
,MAQSSB00,MAQSSBG3-FTG,XS,0,0,0,10.48,0,0,0,MAQSSBG3-FTG_Black_XS
,MAQSSB00,MAQSSBG3-FTG,S,35,0,0,10.48,0,0,0,MAQSSBG3-FTG_Black_S
,MAQSSB00,MAQSSBG3-FTG,M,69,0,0,10.48,0,0,0,MAQSSBG3-FTG_Black_M
,MAQSSB00,MAQSSBG3-FTG,L,66,0,0,10.48,0,0,0,MAQSSBG3-FTG_Black_L
,MAQSSB00,MAQSSBG3-FTG,XL,69,0,0,10.48,0,0,0,MAQSSBG3-FTG_Black_XL
,MAQSSB00,MAQSSBG3-FTG,XXL,34,0,0,10.48,0,0,0,MAQSSBG3-FTG_Black_2XL
,MAQSSC00,MAQSSCG3-FTG,XS,0,0,0,10.48,0,0,0,MAQSSCG3-FTG_Heather_Grey_XS
,MAQSSC00,MAQSSCG3-FTG,S,36,0,0,10.48,0,0,0,MAQSSCG3-FTG_Heather_Grey_S
,MAQSSC00,MAQSSCG3-FTG,M,36,0,0,10.48,0,0,0,MAQSSCG3-FTG_Heather_Grey_M
,MAQSSC00,MAQSSCG3-FTG,L,36,0,0,10.48,0,0,0,MAQSSCG3-FTG_Heather_Grey_L
,MAQSSC00,MAQSSCG3-FTG,XL,35,0,0,10.48,0,0,0,MAQSSCG3-FTG_Heather_Grey_XL
,MAQSSC00,MAQSSCG3-FTG,XXL,35,0,0,10.48,0,0,0,MAQSSCG3-FTG_Heather_Grey_2XL
,MAQSSN00,MAQSSNG3-FTG,XS,0,0,0,10.48,0,0,0,MAQSSNG3-FTG_Navy_XS
,MAQSSN00,MAQSSNG3-FTG,S,36,0,0,10.48,0,0,0,MAQSSNG3-FTG_Navy_S
,MAQSSN00,MAQSSNG3-FTG,M,36,0,0,10.48,0,0,0,MAQSSNG3-FTG_Navy_M
,MAQSSN00,MAQSSNG3-FTG,L,36,0,0,10.48,0,0,0,MAQSSNG3-FTG_Navy_L
,MAQSSN00,MAQSSNG3-FTG,XL,34,0,0,10.48,0,0,0,MAQSSNG3-FTG_Navy_XL
,MAQSSN00,MAQSSNG3-FTG,XXL,24,0,0,10.48,0,0,0,MAQSSNG3-FTG_Navy_2XL
,MAQLSW00,MAQLSWG3-FTG,XS,0,0,0,12.28,0,0,0,MAQLSWG3-FTG_White_XS
,MAQLSW00,MAQLSWG3-FTG,S,36,0,0,12.28,0,0,0,MAQLSWG3-FTG_White_S
,MAQLSW00,MAQLSWG3-FTG,M,35,0,0,12.28,0,0,0,MAQLSWG3-FTG_White_M
,MAQLSW00,MAQLSWG3-FTG,L,30,0,0,12.28,0,0,0,MAQLSWG3-FTG_White_L
,MAQLSW00,MAQLSWG3-FTG,XL,34,0,0,12.28,0,0,0,MAQLSWG3-FTG_White_XL
,MAQLSW00,MAQLSWG3-FTG,XXL,36,0,0,12.28,0,0,0,MAQLSWG3-FTG_White_2XL
,MAQLSB00,MAQLSBG3-FTG,XS,0,0,0,12.28,0,0,0,MAQLSBG3-FTG_Black_XS
,MAQLSB00,MAQLSBG3-FTG,S,36,0,0,12.28,0,0,0,MAQLSBG3-FTG_Black_S
,MAQLSB00,MAQLSBG3-FTG,M,35,0,0,12.28,0,0,0,MAQLSBG3-FTG_Black_M
,MAQLSB00,MAQLSBG3-FTG,L,32,0,0,12.28,0,0,0,MAQLSBG3-FTG_Black_L
,MAQLSB00,MAQLSBG3-FTG,XL,32,0,0,12.28,0,0,0,MAQLSBG3-FTG_Black_XL
,MAQLSB00,MAQLSBG3-FTG,XXL,36,0,0,12.28,0,0,0,MAQLSBG3-FTG_Black_2XL
,MAQLSC00,MAQLSCG3-FTG,XS,0,0,0,12.28,0,0,0,MAQLSCG3-FTG_Heather_Grey_XS
,MAQLSC00,MAQLSCG3-FTG,S,36,0,0,12.28,0,0,0,MAQLSCG3-FTG_Heather_Grey_S
,MAQLSC00,MAQLSCG3-FTG,M,37,0,0,12.28,0,0,0,MAQLSCG3-FTG_Heather_Grey_M
,MAQLSC00,MAQLSCG3-FTG,L,36,0,0,12.28,0,0,0,MAQLSCG3-FTG_Heather_Grey_L
,MAQLSC00,MAQLSCG3-FTG,XL,36,0,0,12.28,0,0,0,MAQLSCG3-FTG_Heather_Grey_XL
,MAQLSC00,MAQLSCG3-FTG,XXL,36,0,0,12.28,0,0,0,MAQLSCG3-FTG_Heather_Grey_2XL
,MAQLSN00,MAQLSNG3-FTG,XS,0,0,0,12.28,0,0,0,MAQLSNG3-FTG_Navy_XS
,MAQLSN00,MAQLSNG3-FTG,S,29,0,0,12.28,0,0,0,MAQLSNG3-FTG_Navy_S
,MAQLSN00,MAQLSNG3-FTG,M,33,0,0,12.28,0,0,0,MAQLSNG3-FTG_Navy_M
,MAQLSN00,MAQLSNG3-FTG,L,33,0,0,12.28,0,0,0,MAQLSNG3-FTG_Navy_L
,MAQLSN00,MAQLSNG3-FTG,XL,33,0,0,12.28,0,0,0,MAQLSNG3-FTG_Navy_XL
,MAQLSN00,MAQLSNG3-FTG,XXL,27,0,0,12.28,0,0,0,MAQLSNG3-FTG_Navy_2XL
,MAQLSR00,MAQLSRG3-FTG,XS,0,0,0,12.28,0,0,0,MAQLSRG3-FTG_Red_XS
,MAQLSR00,MAQLSRG3-FTG,S,30,0,0,12.28,0,0,0,MAQLSRG3-FTG_Red_S
,MAQLSR00,MAQLSRG3-FTG,M,0,0,0,12.28,0,0,0,MAQLSRG3-FTG_Red_M
,MAQLSR00,MAQLSRG3-FTG,L,35,0,0,12.28,0,0,0,MAQLSRG3-FTG_Red_L
,MAQLSR00,MAQLSRG3-FTG,XL,33,0,0,12.28,0,0,0,MAQLSRG3-FTG_Red_XL
,MAQLSR00,MAQLSRG3-FTG,XXL,28,0,0,12.28,0,0,0,MAQLSRG3-FTG_Red_2XL
,MAQFHW00,MAQFHWG3-FTG,XS,0,0,0,17.28,0,0,0,MAQFHWG3-FTG_White_XS
,MAQFHW00,MAQFHWG3-FTG,S,23,0,0,17.28,0,0,0,MAQFHWG3-FTG_White_S
,MAQFHW00,MAQFHWG3-FTG,M,17,0,0,17.28,0,0,0,MAQFHWG3-FTG_White_M
,MAQFHW00,MAQFHWG3-FTG,L,20,0,0,17.28,0,0,0,MAQFHWG3-FTG_White_L
,MAQFHW00,MAQFHWG3-FTG,XL,24,0,0,17.28,0,0,0,MAQFHWG3-FTG_White_XL
,MAQFHW00,MAQFHWG3-FTG,XXL,25,0,0,17.28,0,0,0,MAQFHWG3-FTG_White_2XL
,MAQFHB00,MAQFHBG3-FTG,XS,0,0,0,17.28,0,0,0,MAQFHBG3-FTG_Black_XS
,MAQFHB00,MAQFHBG3-FTG,S,21,0,0,17.28,0,0,0,MAQFHBG3-FTG_Black_S
,MAQFHB00,MAQFHBG3-FTG,M,18,0,0,17.28,0,0,0,MAQFHBG3-FTG_Black_M
,MAQFHB00,MAQFHBG3-FTG,L,36,0,0,17.28,0,0,0,MAQFHBG3-FTG_Black_L
,MAQFHB00,MAQFHBG3-FTG,XL,32,0,0,17.28,0,0,0,MAQFHBG3-FTG_Black_XL
,MAQFHB00,MAQFHBG3-FTG,XXL,17,0,0,17.28,0,0,0,MAQFHBG3-FTG_Black_2XL
,MAQFHC00,MAQFHCG3-FTG,XS,0,0,0,17.28,0,0,0,MAQFHCG3-FTG_Heather_Grey_XS
,MAQFHC00,MAQFHCG3-FTG,S,24,0,0,17.28,0,0,0,MAQFHCG3-FTG_Heather_Grey_S
,MAQFHC00,MAQFHCG3-FTG,M,24,0,0,17.28,0,0,0,MAQFHCG3-FTG_Heather_Grey_M
,MAQFHC00,MAQFHCG3-FTG,L,25,0,0,17.28,0,0,0,MAQFHCG3-FTG_Heather_Grey_L
,MAQFHC00,MAQFHCG3-FTG,XL,21,0,0,17.28,0,0,0,MAQFHCG3-FTG_Heather_Grey_XL
,MAQFHC00,MAQFHCG3-FTG,XXL,23,0,0,17.28,0,0,0,MAQFHCG3-FTG_Heather_Grey_2XL
,MAQFHL00,MAQFHLG3-FTG,XS,0,0,0,17.28,0,0,0,MAQFHLG3-FTG_Lions_Royal_XS
,MAQFHL00,MAQFHLG3-FTG,S,24,0,0,17.28,0,0,0,MAQFHLG3-FTG_Lions_Royal_S
,MAQFHL00,MAQFHLG3-FTG,M,23,0,0,17.28,0,0,0,MAQFHLG3-FTG_Lions_Royal_M
,MAQFHL00,MAQFHLG3-FTG,L,26,0,0,17.28,0,0,0,MAQFHLG3-FTG_Lions_Royal_L
,MAQFHL00,MAQFHLG3-FTG,XL,25,0,0,17.28,0,0,0,MAQFHLG3-FTG_Lions_Royal_XL
,MAQFHL00,MAQFHLG3-FTG,XXL,25,0,0,17.28,0,0,0,MAQFHLG3-FTG_Lions_Royal_2XL
,MAQFHN00,MAQFHNG3-FTG,XS,0,0,0,17.28,0,0,0,MAQFHNG3-FTG_Navy_XS
,MAQFHN00,MAQFHNG3-FTG,S,24,0,0,17.28,0,0,0,MAQFHNG3-FTG_Navy_S
,MAQFHN00,MAQFHNG3-FTG,M,21,0,0,17.28,0,0,0,MAQFHNG3-FTG_Navy_M
,MAQFHN00,MAQFHNG3-FTG,L,45,0,0,17.28,0,0,0,MAQFHNG3-FTG_Navy_L
,MAQFHN00,MAQFHNG3-FTG,XL,21,0,0,17.28,0,0,0,MAQFHNG3-FTG_Navy_XL
,MAQFHN00,MAQFHNG3-FTG,XXL,46,0,0,17.28,0,0,0,MAQFHNG3-FTG_Navy_2XL
,MAQFHF00,MAQFHFG3-FTG,XS,0,0,0,17.28,0,0,0,MAQFHFG3-FTG_Green_XS
,MAQFHF00,MAQFHFG3-FTG,S,25,0,0,17.28,0,0,0,MAQFHFG3-FTG_Green_S
,MAQFHF00,MAQFHFG3-FTG,M,25,0,0,17.28,0,0,0,MAQFHFG3-FTG_Green_M
,MAQFHF00,MAQFHFG3-FTG,L,23,0,0,17.28,0,0,0,MAQFHFG3-FTG_Green_L
,MAQFHF00,MAQFHFG3-FTG,XL,24,0,0,17.28,0,0,0,MAQFHFG3-FTG_Green_XL
,MAQFHF00,MAQFHFG3-FTG,XXL,24,0,0,17.28,0,0,0,MAQFHFG3-FTG_Green_2XL
,MAQFHR00,MAQFHRG3-FTG,XS,0,0,0,17.28,0,0,0,MAQFHRG3-FTG_Red_XS
,MAQFHR00,MAQFHRG3-FTG,S,24,0,0,17.28,0,0,0,MAQFHRG3-FTG_Red_S
,MAQFHR00,MAQFHRG3-FTG,M,49,0,0,17.28,0,0,0,MAQFHRG3-FTG_Red_M
,MAQFHR00,MAQFHRG3-FTG,L,23,0,0,17.28,0,0,0,MAQFHRG3-FTG_Red_L
,MAQFHR00,MAQFHRG3-FTG,XL,21,0,0,17.28,0,0,0,MAQFHRG3-FTG_Red_XL
,MAQFHR00,MAQFHRG3-FTG,XXL,24,0,0,17.28,0,0,0,MAQFHRG3-FTG_Red_2XL
,MAQFCW00,MAQFCWG3-FTG,XS,0,0,0,16.28,0,0,0,MAQFCWG3-FTG_White_XS
,MAQFCW00,MAQFCWG3-FTG,S,24,0,0,16.28,0,0,0,MAQFCWG3-FTG_White_S
,MAQFCW00,MAQFCWG3-FTG,M,18,0,0,16.28,0,0,0,MAQFCWG3-FTG_White_M
,MAQFCW00,MAQFCWG3-FTG,L,48,0,0,16.28,0,0,0,MAQFCWG3-FTG_White_L
,MAQFCW00,MAQFCWG3-FTG,XL,13,0,0,16.28,0,0,0,MAQFCWG3-FTG_White_XL
,MAQFCW00,MAQFCWG3-FTG,XXL,24,0,0,16.28,0,0,0,MAQFCWG3-FTG_White_2XL
,MAQFCB00,MAQFCBG3-FTG,XS,0,0,0,16.28,0,0,0,MAQFCBG3-FTG_Black_XS
,MAQFCB00,MAQFCBG3-FTG,S,24,0,0,16.28,0,0,0,MAQFCBG3-FTG_Black_S
,MAQFCB00,MAQFCBG3-FTG,M,48,0,0,16.28,0,0,0,MAQFCBG3-FTG_Black_M
,MAQFCB00,MAQFCBG3-FTG,L,71,0,0,16.28,0,0,0,MAQFCBG3-FTG_Black_L
,MAQFCB00,MAQFCBG3-FTG,XL,46,0,0,16.28,0,0,0,MAQFCBG3-FTG_Black_XL
,MAQFCB00,MAQFCBG3-FTG,XXL,51,0,0,16.28,0,0,0,MAQFCBG3-FTG_Black_2XL
,MAQFCC00,MAQFCCG3-FTG,XS,0,0,0,16.28,0,0,0,MAQFCCG3-FTG_Heather_Grey_XS
,MAQFCC00,MAQFCCG3-FTG,S,21,0,0,16.28,0,0,0,MAQFCCG3-FTG_Heather_Grey_S
,MAQFCC00,MAQFCCG3-FTG,M,26,0,0,16.28,0,0,0,MAQFCCG3-FTG_Heather_Grey_M
,MAQFCC00,MAQFCCG3-FTG,L,23,0,0,16.28,0,0,0,MAQFCCG3-FTG_Heather_Grey_L
,MAQFCC00,MAQFCCG3-FTG,XL,22,0,0,16.28,0,0,0,MAQFCCG3-FTG_Heather_Grey_XL
,MAQFCC00,MAQFCCG3-FTG,XXL,25,0,0,16.28,0,0,0,MAQFCCG3-FTG_Heather_Grey_2XL
,MAQFCL00,MAQFCLG3-FTG,XS,0,0,0,16.28,0,0,0,MAQFCLG3-FTG_Lions_Royal_XS
,MAQFCL00,MAQFCLG3-FTG,S,24,0,0,16.28,0,0,0,MAQFCLG3-FTG_Lions_Royal_S
,MAQFCL00,MAQFCLG3-FTG,M,24,0,0,16.28,0,0,0,MAQFCLG3-FTG_Lions_Royal_M
,MAQFCL00,MAQFCLG3-FTG,L,22,0,0,16.28,0,0,0,MAQFCLG3-FTG_Lions_Royal_L
,MAQFCL00,MAQFCLG3-FTG,XL,25,0,0,16.28,0,0,0,MAQFCLG3-FTG_Lions_Royal_XL
,MAQFCL00,MAQFCLG3-FTG,XXL,24,0,0,16.28,0,0,0,MAQFCLG3-FTG_Lions_Royal_2XL
,MAQFCN00,MAQFCNG3-FTG,XS,0,0,0,16.28,0,0,0,MAQFCNG3-FTG_Navy_XS
,MAQFCN00,MAQFCNG3-FTG,S,24,0,0,16.28,0,0,0,MAQFCNG3-FTG_Navy_S
,MAQFCN00,MAQFCNG3-FTG,M,22,0,0,16.28,0,0,0,MAQFCNG3-FTG_Navy_M
,MAQFCN00,MAQFCNG3-FTG,L,23,0,0,16.28,0,0,0,MAQFCNG3-FTG_Navy_L
,MAQFCN00,MAQFCNG3-FTG,XL,22,0,0,16.28,0,0,0,MAQFCNG3-FTG_Navy_XL
,MAQFCN00,MAQFCNG3-FTG,XXL,24,0,0,16.28,0,0,0,MAQFCNG3-FTG_Navy_2XL
,MAQFCR00,MAQFCRG3-FTG,XS,0,0,0,16.28,0,0,0,MAQFCRG3-FTG_Red_XS
,MAQFCR00,MAQFCRG3-FTG,S,24,0,0,16.28,0,0,0,MAQFCRG3-FTG_Red_S
,MAQFCR00,MAQFCRG3-FTG,M,25,0,0,16.28,0,0,0,MAQFCRG3-FTG_Red_M
,MAQFCR00,MAQFCRG3-FTG,L,48,0,0,16.28,0,0,0,MAQFCRG3-FTG_Red_L
,MAQFCR00,MAQFCRG3-FTG,XL,48,0,0,16.28,0,0,0,MAQFCRG3-FTG_Red_XL
,MAQFCR00,MAQFCRG3-FTG,XXL,25,0,0,16.28,0,0,0,MAQFCRG3-FTG_Red_2XL
,MAQVJB00,MAQVJBG3-FTG,XS,0,0,0,26.35,0,0,30.56,MAQVJBG3-FTG_Black_XS
,MAQVJB00,MAQVJBG3-FTG,S,12,0,0,26.35,0,0,30.56,MAQVJBG3-FTG_Black_S
,MAQVJB00,MAQVJBG3-FTG,M,52,0,0,26.35,0,0,30.56,MAQVJBG3-FTG_Black_M
,MAQVJB00,MAQVJBG3-FTG,L,74,0,0,26.35,0,0,30.56,MAQVJBG3-FTG_Black_L
,MAQVJB00,MAQVJBG3-FTG,XL,95,0,0,26.35,0,0,30.56,MAQVJBG3-FTG_Black_XL
,MAQVJB00,MAQVJBG3-FTG,XXL,2,0,0,26.35,0,0,30.56,MAQVJBG3-FTG_Black_2XL
,MAQVJC00,MAQVJCG3-FTG,XS,0,0,0,26.35,0,0,30.56,MAQVJCG3-FTG_Grey_XS
,MAQVJC00,MAQVJCG3-FTG,S,14,0,0,26.35,0,0,30.56,MAQVJCG3-FTG_Grey_S
,MAQVJC00,MAQVJCG3-FTG,M,16,0,0,26.35,0,0,30.56,MAQVJCG3-FTG_Grey_M
,MAQVJC00,MAQVJCG3-FTG,L,30,0,0,26.35,0,0,30.56,MAQVJCG3-FTG_Grey_L
,MAQVJC00,MAQVJCG3-FTG,XL,31,0,0,26.35,0,0,30.56,MAQVJCG3-FTG_Grey_XL
,MAQVJC00,MAQVJCG3-FTG,XXL,51,0,0,26.35,0,0,30.56,MAQVJCG3-FTG_Grey_2XL
,MAQVJN00,MAQVJNG3-FTG,XS,0,0,0,26.35,0,0,30.56,MAQVJNG3-FTG_Navy_XS
,MAQVJN00,MAQVJNG3-FTG,S,4,0,0,26.35,0,0,30.56,MAQVJNG3-FTG_Navy_S
,MAQVJN00,MAQVJNG3-FTG,M,59,0,0,26.35,0,0,30.56,MAQVJNG3-FTG_Navy_M
,MAQVJN00,MAQVJNG3-FTG,L,68,0,0,26.35,0,0,30.56,MAQVJNG3-FTG_Navy_L
,MAQVJN00,MAQVJNG3-FTG,XL,16,0,0,26.35,0,0,30.56,MAQVJNG3-FTG_Navy_XL
,MAQVJN00,MAQVJNG3-FTG,XXL,0,0,0,26.35,0,0,30.56,MAQVJNG3-FTG_Navy_2XL
,MAQVJR00,MAQVJRG3-FTG,XS,0,0,0,26.35,0,0,30.56,MAQVJRG3-FTG_Red_XS
,MAQVJR00,MAQVJRG3-FTG,S,19,0,0,26.35,0,0,30.56,MAQVJRG3-FTG_Red_S
,MAQVJR00,MAQVJRG3-FTG,M,48,0,0,26.35,0,0,30.56,MAQVJRG3-FTG_Red_M
,MAQVJR00,MAQVJRG3-FTG,L,46,0,0,26.35,0,0,30.56,MAQVJRG3-FTG_Red_L
,MAQVJR00,MAQVJRG3-FTG,XL,30,0,0,26.35,0,0,30.56,MAQVJRG3-FTG_Red_XL
,MAQVJR00,MAQVJRG3-FTG,XXL,0,0,0,26.35,0,0,30.56,MAQVJRG3-FTG_Red_2XL
,WSQVVB00,WSQVVBG3-FTG,XXL,4,0,0,33,0,0,36,WSQVVBG3-FTG_BLACK_2XL
,WSQVVB00,WSQVVBG3-FTG,L,0,0,0,33,0,0,36,WSQVVBG3-FTG_BLACK_L
,WSQVVB00,WSQVVBG3-FTG,M,0,0,0,33,0,0,36,WSQVVBG3-FTG_BLACK_M
,WSQVVB00,WSQVVBG3-FTG,S,0,0,0,33,0,0,36,WSQVVBG3-FTG_BLACK_S
,WSQVVB00,WSQVVBG3-FTG,XL,7,0,0,33,0,0,36,WSQVVBG3-FTG_BLACK_XL
,WSQVVB00,WSQVVBG3-FTG,XS,0,0,0,33,0,0,36,WSQVVBG3-FTG_BLACK_XS
,WSQVV500,WSQVV5G3-FTG,XXL,12,0,0,33,0,0,36,WSQVV5G3-FTG_LT_BLUE_2XL
,WSQVV500,WSQVV5G3-FTG,L,10,0,0,33,0,0,36,WSQVV5G3-FTG_LT_BLUE_L
,WSQVV500,WSQVV5G3-FTG,M,11,0,0,33,0,0,36,WSQVV5G3-FTG_LT_BLUE_M
,WSQVV500,WSQVV5G3-FTG,S,9,0,0,33,0,0,36,WSQVV5G3-FTG_LT_BLUE_S
,WSQVV500,WSQVV5G3-FTG,XL,12,0,0,33,0,0,36,WSQVV5G3-FTG_LT_BLUE_XL
,WSQVV500,WSQVV5G3-FTG,XS,0,0,0,33,0,0,36,WSQVV5G3-FTG_LT_BLUE_XS
,WSQVVF00,WSQVVFG3-FTG,XXL,12,0,0,33,0,0,36,WSQVVFG3-FTG_SAGE_GREEN_2XL
,WSQVVF00,WSQVVFG3-FTG,L,12,0,0,33,0,0,36,WSQVVFG3-FTG_SAGE_GREEN_L
,WSQVVF00,WSQVVFG3-FTG,M,11,0,0,33,0,0,36,WSQVVFG3-FTG_SAGE_GREEN_M
,WSQVVF00,WSQVVFG3-FTG,S,0,0,0,33,0,0,36,WSQVVFG3-FTG_SAGE_GREEN_S
,WSQVVF00,WSQVVFG3-FTG,XL,12,0,0,33,0,0,36,WSQVVFG3-FTG_SAGE_GREEN_XL
,WSQVVF00,WSQVVFG3-FTG,XS,0,0,0,33,0,0,36,WSQVVFG3-FTG_SAGE_GREEN_XS
,WSQVVN00,WSQVVNG3-FTG,XXL,4,0,0,33,0,0,36,WSQVVNG3-FTG_NAVY_2XL
,WSQVVN00,WSQVVNG3-FTG,L,3,0,0,33,0,0,36,WSQVVNG3-FTG_NAVY_L
,WSQVVN00,WSQVVNG3-FTG,M,4,0,0,33,0,0,36,WSQVVNG3-FTG_NAVY_M
,WSQVVN00,WSQVVNG3-FTG,S,4,0,0,33,0,0,36,WSQVVNG3-FTG_NAVY_S
,WSQVVN00,WSQVVNG3-FTG,XL,9,0,0,33,0,0,36,WSQVVNG3-FTG_NAVY_XL
,WSQVVN00,WSQVVNG3-FTG,XS,3,0,0,33,0,0,36,WSQVVNG3-FTG_NAVY_XS
,WSQVVW00,WSQVVWG3-FTG,XXL,15,0,0,33,38,38,36,WSQVVWG3-FTG_VANILLA_2XL
,WSQVVW00,WSQVVWG3-FTG,L,25,0,0,33,38,38,36,WSQVVWG3-FTG_VANILLA_L
,WSQVVW00,WSQVVWG3-FTG,M,20,0,0,33,38,38,36,WSQVVWG3-FTG_VANILLA_M
,WSQVVW00,WSQVVWG3-FTG,S,6,0,0,33,38,38,36,WSQVVWG3-FTG_VANILLA_S
,WSQVVW00,WSQVVWG3-FTG,XL,77,0,0,33,38,38,36,WSQVVWG3-FTG_VANILLA_XL
,WSQVVW00,WSQVVWG3-FTG,XS,9,0,0,33,38,38,36,WSQVVWG3-FTG_VANILLA_XS
,WSQVJB00,WSQVJBG3-FTG,XXL,4,0,0,33,0,0,36,WSQVVBG3-FTG_BLACK_2XL
,WSQVJB00,WSQVJBG3-FTG,L,0,0,0,33,0,0,36,WSQVVBG3-FTG_BLACK_L
,WSQVJB00,WSQVJBG3-FTG,M,0,0,0,33,0,0,36,WSQVVBG3-FTG_BLACK_M
,WSQVJB00,WSQVJBG3-FTG,S,0,0,0,33,0,0,36,WSQVVBG3-FTG_BLACK_S
,WSQVJB00,WSQVJBG3-FTG,XL,7,0,0,33,0,0,36,WSQVVBG3-FTG_BLACK_XL
,WSQVJB00,WSQVJBG3-FTG,XS,0,0,0,33,0,0,36,WSQVVBG3-FTG_BLACK_XS
,WSQVJ500,WSQVJ5G3-FTG,XXL,12,0,0,33,0,0,36,WSQVV5G3-FTG_LT_BLUE_2XL
,WSQVJ500,WSQVJ5G3-FTG,L,10,0,0,33,0,0,36,WSQVV5G3-FTG_LT_BLUE_L
,WSQVJ500,WSQVJ5G3-FTG,M,11,0,0,33,0,0,36,WSQVV5G3-FTG_LT_BLUE_M
,WSQVJ500,WSQVJ5G3-FTG,S,9,0,0,33,0,0,36,WSQVV5G3-FTG_LT_BLUE_S
,WSQVJ500,WSQVJ5G3-FTG,XL,12,0,0,33,0,0,36,WSQVV5G3-FTG_LT_BLUE_XL
,WSQVJ500,WSQVJ5G3-FTG,XS,0,0,0,33,0,0,36,WSQVV5G3-FTG_LT_BLUE_XS
,WSQVJF00,WSQVJFG3-FTG,XXL,12,0,0,33,0,0,36,WSQVVFG3-FTG_SAGE_GREEN_2XL
,WSQVJF00,WSQVJFG3-FTG,L,12,0,0,33,0,0,36,WSQVVFG3-FTG_SAGE_GREEN_L
,WSQVJF00,WSQVJFG3-FTG,M,11,0,0,33,0,0,36,WSQVVFG3-FTG_SAGE_GREEN_M
,WSQVJF00,WSQVJFG3-FTG,S,0,0,0,33,0,0,36,WSQVVFG3-FTG_SAGE_GREEN_S
,WSQVJF00,WSQVJFG3-FTG,XL,12,0,0,33,0,0,36,WSQVVFG3-FTG_SAGE_GREEN_XL
,WSQVJF00,WSQVJFG3-FTG,XS,0,0,0,33,0,0,36,WSQVVFG3-FTG_SAGE_GREEN_XS
,WSQVJN00,WSQVJNG3-FTG,XXL,4,0,0,33,0,0,36,WSQVVNG3-FTG_NAVY_2XL
,WSQVJN00,WSQVJNG3-FTG,L,3,0,0,33,0,0,36,WSQVVNG3-FTG_NAVY_L
,WSQVJN00,WSQVJNG3-FTG,M,4,0,0,33,0,0,36,WSQVVNG3-FTG_NAVY_M
,WSQVJN00,WSQVJNG3-FTG,S,4,0,0,33,0,0,36,WSQVVNG3-FTG_NAVY_S
,WSQVJN00,WSQVJNG3-FTG,XL,9,0,0,33,0,0,36,WSQVVNG3-FTG_NAVY_XL
,WSQVJN00,WSQVJNG3-FTG,XS,3,0,0,33,0,0,36,WSQVVNG3-FTG_NAVY_XS
,WSQVJW00,WSQVJWG3-FTG,XXL,15,0,0,33,0,0,36,WSQVVWG3-FTG_VANILLA_2XL
,WSQVJW00,WSQVJWG3-FTG,L,25,0,0,33,0,0,36,WSQVVWG3-FTG_VANILLA_L
,WSQVJW00,WSQVJWG3-FTG,M,20,0,0,33,0,0,36,WSQVVWG3-FTG_VANILLA_M
,WSQVJW00,WSQVJWG3-FTG,S,6,0,0,33,0,0,36,WSQVVWG3-FTG_VANILLA_S
,WSQVJW00,WSQVJWG3-FTG,XL,77,0,0,33,0,0,36,WSQVVWG3-FTG_VANILLA_XL
,WSQVJW00,WSQVJWG3-FTG,XS,9,0,0,33,0,0,36,WSQVVWG3-FTG_VANILLA_XS
,WSQLCR00,MSQLCRG3-FTG,L,189,0,0,14.26,16.82,16.82,0,MSQLCRG3-FTG_RED_L
,WSQLCR00,MSQLCRG3-FTG,M,142,0,0,14.26,16.82,16.82,0,MSQLCRG3-FTG_RED_M
,WSQLCR00,MSQLCRG3-FTG,S,47,0,0,14.26,16.82,16.82,0,MSQLCRG3-FTG_RED_S
,WSQLCR00,MSQLCRG3-FTG,XL,89,0,0,14.26,16.82,16.82,0,MSQLCRG3-FTG_RED_XL
,WSQLCR00,MSQLCRG3-FTG,XS,0,0,0,14.26,16.82,16.82,0,MSQLCRG3-FTG_RED_XS
,WSQLCR00,MSQLCRG3-FTG,XXL,47,0,0,14.26,17.5,17.5,0,MSQLCRG3-FTG_RED_2XL
,WSQLAL00,MSQLALG3-FTG,L,,0,0,16.5,0,0,0,MSQLALG3-FTG_LIONSROYAL_L
,WSQLAL00,MSQLALG3-FTG,M,,0,0,16.5,0,0,0,MSQLALG3-FTG_LIONSROYAL_M
,WSQLAL00,MSQLALG3-FTG,S,,0,0,16.5,0,0,0,MSQLALG3-FTG_LIONSROYAL_S
,WSQLAL00,MSQLALG3-FTG,XL,,0,0,16.5,0,0,0,MSQLALG3-FTG_LIONSROYAL_XL
,WSQLAL00,MSQLALG3-FTG,XS,,0,0,16.5,0,0,0,MSQLALG3-FTG_LIONSROYAL_XS
,WSQLAL00,MSQLALG3-FTG,XXL,,0,0,16.5,0,0,0,MSQLALG3-FTG_LIONSROYAL_2XL
,WSQLAK00,MSQLAKG3-FTG,L,,0,0,16.5,0,0,0,MSQLAKG3-FTG_KELLYGREEN_L
,WSQLAK00,MSQLAKG3-FTG,M,,0,0,16.5,0,0,0,MSQLAKG3-FTG_KELLYGREEN_M
,WSQLAK00,MSQLAKG3-FTG,S,,0,0,16.5,0,0,0,MSQLAKG3-FTG_KELLYGREEN_S
,WSQLAK00,MSQLAKG3-FTG,XL,,0,0,16.5,0,0,0,MSQLAKG3-FTG_KELLYGREEN_XL
,WSQLAK00,MSQLAKG3-FTG,XS,,0,0,16.5,0,0,0,MSQLAKG3-FTG_KELLYGREEN_XS
,WSQLAK00,MSQLAKG3-FTG,XXL,,0,0,16.5,0,0,0,MSQLAKG3-FTG_KELLYGREEN_2XL
,WSQLCL00,MSQLCLG3-FTG,L,,0,0,14.26,0,0,0,MSQLCLG3-FTG_LIONSROYAL_L
,WSQLCL00,MSQLCLG3-FTG,M,,0,0,14.26,0,0,0,MSQLCLG3-FTG_LIONSROYAL_M
,WSQLCL00,MSQLCLG3-FTG,S,,0,0,14.26,0,0,0,MSQLCLG3-FTG_LIONSROYAL_S
,WSQLCL00,MSQLCLG3-FTG,XL,,0,0,14.26,0,0,0,MSQLCLG3-FTG_LIONSROYAL_XL
,WSQLCL00,MSQLCLG3-FTG,XS,,0,0,14.26,0,0,0,MSQLCLG3-FTG_LIONSROYAL_XS
,WSQLCL00,MSQLCLG3-FTG,XXL,,0,0,14.26,0,0,0,MSQLCLG3-FTG_LIONSROYAL_2XL
,WSQLCK00,MSQLCKG3-FTG,L,,0,0,14.26,0,0,0,MSQLCKG3-FTG_KELLYGREEN_L
,WSQLCK00,MSQLCKG3-FTG,M,,0,0,14.26,0,0,0,MSQLCKG3-FTG_KELLYGREEN_M
,WSQLCK00,MSQLCKG3-FTG,S,,0,0,14.26,0,0,0,MSQLCKG3-FTG_KELLYGREEN_S
,WSQLCK00,MSQLCKG3-FTG,XL,,0,0,14.26,0,0,0,MSQLCKG3-FTG_KELLYGREEN_XL
,WSQLCK00,MSQLCKG3-FTG,XS,,0,0,14.26,0,0,0,MSQLCKG3-FTG_KELLYGREEN_XS
,WSQLCK00,MSQLCKG3-FTG,XXL,,0,0,14.26,0,0,0,MSQLCKG3-FTG_KELLYGREEN_2XL
